{"stats":{"minecraft:custom":{"minecraft:interact_with_smithing_table":1,"minecraft:time_since_rest":26305,"minecraft:sprint_one_cm":90967,"minecraft:damage_taken":617,"minecraft:walk_one_cm":93522,"minecraft:mob_kills":27,"minecraft:drop":2,"minecraft:damage_dealt":4285,"minecraft:swim_one_cm":3097,"minecraft:interact_with_crafting_table":6,"minecraft:fly_one_cm":43262,"minecraft:open_barrel":1,"minecraft:open_chest":37,"minecraft:play_time":26305,"minecraft:sneak_time":37,"minecraft:walk_under_water_one_cm":633,"minecraft:jump":248,"minecraft:time_since_death":26305,"minecraft:walk_on_water_one_cm":3533,"minecraft:interact_with_smoker":1,"minecraft:total_world_time":26305,"minecraft:fall_one_cm":5696},"minecraft:dropped":{"alexsmobs:acacia_blossom":1,"minecraft:bow":1},"minecraft:crafted":{"immersive_armors:wooden_boots":1,"minecraft:wooden_sword":1,"spartanweaponry:iron_greatsword":1,"minecraft:iron_boots":1,"minecraft:iron_chestplate":1,"minecraft:crafting_table":1,"minecraft:stick":8,"minecraft:iron_pickaxe":1,"minecraft:iron_helmet":1,"minecraft:wooden_pickaxe":1,"minecraft:wooden_axe":1,"minecraft:iron_leggings":1,"spartanweaponry:handle":4,"immersive_armors:wooden_helmet":1,"minecraft:acacia_planks":200},"minecraft:picked_up":{"minecraft:raw_iron":4,"minecraft:stick":3,"minecraft:crafting_table":1,"alexsmobs:acacia_blossom":1,"minecraft:acacia_log":50,"minecraft:oak_log":12,"minecraft:redstone":39,"minecraft:spider_eye":3,"minecraft:string":6,"minecraft:dirt":50,"minecraft:raw_copper":12,"minecraft:arrow":32,"minecraft:bone":12,"minecraft:rotten_flesh":2,"minecraft:bow":1,"minecraft:wheat_seeds":2,"minecraft:beef":3,"minecraft:oak_sapling":2,"minecraft:mutton":9,"minecraft:acacia_sapling":10,"minecraft:coal":1,"minecraft:white_wool":1,"minecraft:cobblestone":115},"minecraft:mined":{"minecraft:acacia_leaves":1,"minecraft:mossy_cobblestone":2,"minecraft:iron_ore":4,"minecraft:crafting_table":1,"minecraft:grass":5,"minecraft:acacia_log":52,"minecraft:oak_log":12,"minecraft:grass_block":1,"minecraft:coal_ore":3,"minecraft:copper_ore":1,"minecraft:cobblestone":2,"minecraft:stone_bricks":2,"minecraft:stone":108,"minecraft:deepslate":7},"minecraft:used":{"minecraft:wooden_axe":70,"minecraft:apple":1,"minecraft:iron_pickaxe":110,"minecraft:wooden_pickaxe":21,"minecraft:blue_bed":1,"minecraft:wooden_sword":5,"minecraft:bow":16,"minecraft:crafting_table":1,"alexsmobs:animal_dictionary":3,"minecraft:cooked_beef":5,"spartanweaponry:iron_greatsword":74},"minecraft:killed":{"minecraft:skeleton":15,"minecraft:sheep":4,"minecraft:zombie":3,"naturalist:bear":1,"minecraft:spider":3,"minecraft:cow":1},"minecraft:broken":{"minecraft:wooden_axe":1}},"DataVersion":3465}