{"stats":{"minecraft:custom":{"minecraft:interact_with_smithing_table":1,"minecraft:time_since_rest":14305,"minecraft:sprint_one_cm":41107,"minecraft:damage_taken":363,"minecraft:walk_one_cm":52185,"minecraft:mob_kills":14,"minecraft:damage_dealt":1810,"minecraft:interact_with_crafting_table":5,"minecraft:fly_one_cm":22340,"minecraft:open_barrel":1,"minecraft:open_chest":31,"minecraft:play_time":14305,"minecraft:sneak_time":8,"minecraft:jump":100,"minecraft:time_since_death":14305,"minecraft:walk_on_water_one_cm":1001,"minecraft:total_world_time":14305,"minecraft:fall_one_cm":3540},"minecraft:picked_up":{"minecraft:stick":3,"minecraft:crafting_table":1,"alexsmobs:acacia_blossom":1,"minecraft:acacia_log":50,"minecraft:oak_log":12,"minecraft:dirt":1,"minecraft:arrow":13,"minecraft:bone":8,"minecraft:bow":1,"minecraft:wheat_seeds":2,"minecraft:beef":3,"minecraft:oak_sapling":2,"minecraft:mutton":2,"minecraft:acacia_sapling":10,"minecraft:coal":1,"minecraft:white_wool":1,"minecraft:cobblestone":19},"minecraft:crafted":{"immersive_armors:wooden_boots":1,"minecraft:wooden_sword":1,"spartanweaponry:iron_greatsword":1,"minecraft:iron_boots":1,"minecraft:iron_chestplate":1,"minecraft:crafting_table":1,"minecraft:stick":8,"minecraft:iron_pickaxe":1,"minecraft:iron_helmet":1,"minecraft:wooden_pickaxe":1,"minecraft:wooden_axe":1,"minecraft:iron_leggings":1,"spartanweaponry:handle":4,"immersive_armors:wooden_helmet":1,"minecraft:acacia_planks":200},"minecraft:mined":{"minecraft:acacia_leaves":1,"minecraft:mossy_cobblestone":2,"minecraft:crafting_table":1,"minecraft:grass":5,"minecraft:acacia_log":52,"minecraft:oak_log":12,"minecraft:grass_block":1,"minecraft:coal_ore":1,"minecraft:cobblestone":1,"minecraft:stone_bricks":2,"minecraft:stone":18,"minecraft:deepslate":3},"minecraft:used":{"minecraft:wooden_axe":70,"minecraft:iron_pickaxe":8,"minecraft:wooden_pickaxe":21,"minecraft:blue_bed":1,"minecraft:wooden_sword":5,"minecraft:bow":14,"minecraft:crafting_table":1,"alexsmobs:animal_dictionary":2,"minecraft:cooked_beef":3,"spartanweaponry:iron_greatsword":30},"minecraft:killed":{"minecraft:skeleton":12,"minecraft:sheep":1,"minecraft:cow":1},"minecraft:broken":{"minecraft:wooden_axe":1}},"DataVersion":3465}