{"stats":{"minecraft:custom":{"minecraft:interact_with_smithing_table":1,"minecraft:mob_kills":29,"minecraft:interact_with_crafting_table":11,"minecraft:open_barrel":1,"minecraft:leave_game":1,"minecraft:time_since_death":40595,"minecraft:time_since_rest":40595,"minecraft:sprint_one_cm":115038,"minecraft:damage_taken":817,"minecraft:walk_one_cm":118431,"minecraft:drop":34,"minecraft:damage_dealt":5461,"minecraft:swim_one_cm":22718,"minecraft:fly_one_cm":74589,"minecraft:open_chest":43,"minecraft:play_time":40595,"minecraft:sneak_time":72,"minecraft:walk_under_water_one_cm":7518,"minecraft:jump":369,"minecraft:walk_on_water_one_cm":10721,"minecraft:total_world_time":40595,"minecraft:interact_with_smoker":2,"minecraft:fall_one_cm":6950},"minecraft:dropped":{"minecraft:enchanted_book":1,"minecraft:gravel":12,"regions_unexplored:redwood_slab":8,"spartanweaponry:handle":3,"minecraft:kelp":2,"alexsmobs:acacia_blossom":1,"minecraft:cobbled_deepslate":124,"minecraft:tuff":35,"minecraft:oak_fence":1,"regions_unexplored:redwood_planks":128,"minecraft:copper_ingot":113,"minecraft:flint":4,"minecraft:emerald":8,"minecraft:dirt":50,"minecraft:tipped_arrow":13,"minecraft:dark_oak_log":17,"alexsmobs:flying_fish":5,"minecraft:acacia_sapling":10,"minecraft:wooden_sword":1,"minecraft:spider_eye":3,"minecraft:bone_meal":32,"minecraft:spruce_slab":1,"minecraft:bow":1,"minecraft:wooden_pickaxe":1,"minecraft:dark_oak_planks":64,"minecraft:redstone":39,"regions_unexplored:redstone_bulb":5,"minecraft:bone":29},"minecraft:crafted":{"minecraft:wooden_sword":1,"minecraft:crafting_table":2,"spartanweaponry:medium_quiver_brace":1,"minecraft:wooden_pickaxe":1,"minecraft:iron_helmet":1,"spartanweaponry:handle":4,"minecraft:birch_planks":236,"minecraft:cooked_mutton":7,"immersive_armors:wooden_boots":1,"spartanweaponry:iron_greatsword":1,"minecraft:iron_chestplate":1,"minecraft:iron_boots":1,"minecraft:stick":12,"minecraft:iron_pickaxe":1,"minecraft:wooden_axe":2,"minecraft:chest":7,"minecraft:iron_leggings":1,"immersive_armors:wooden_helmet":1,"minecraft:acacia_planks":200},"minecraft:picked_up":{"minecraft:birch_log":59,"minecraft:crafting_table":1,"minecraft:water_bucket":1,"alexsmobs:acacia_blossom":1,"minecraft:wooden_pickaxe":1,"minecraft:enchanted_book":1,"minecraft:flint":4,"minecraft:tuff":35,"minecraft:oak_log":12,"minecraft:dirt":51,"minecraft:string":6,"minecraft:raw_copper":12,"minecraft:bone":41,"minecraft:kelp":2,"minecraft:bow":1,"minecraft:wheat_seeds":2,"minecraft:cobbled_deepslate":188,"minecraft:spruce_planks":47,"minecraft:beef":3,"minecraft:spruce_slab":1,"regions_unexplored:redwood_planks":65,"regions_unexplored:redwood_slab":8,"minecraft:birch_sapling":4,"minecraft:acacia_sapling":10,"minecraft:stick":10,"minecraft:raw_iron":4,"regions_unexplored:corpse_flower":18,"minecraft:copper_ingot":98,"minecraft:oak_fence":1,"minecraft:acacia_log":50,"minecraft:gravel":12,"minecraft:redstone":39,"minecraft:dark_oak_log":17,"minecraft:spider_eye":3,"minecraft:dark_oak_planks":301,"artifacts:cowboy_hat":1,"minecraft:arrow":32,"minecraft:rotten_flesh":2,"regions_unexplored:redstone_bulb":5,"minecraft:bone_meal":64,"minecraft:emerald":8,"alexsmobs:flying_fish":5,"minecraft:oak_sapling":2,"minecraft:coal":1,"minecraft:mutton":9,"minecraft:white_wool":1,"minecraft:cobblestone":115},"minecraft:mined":{"minecraft:acacia_leaves":1,"minecraft:mossy_cobblestone":2,"minecraft:crafting_table":1,"minecraft:acacia_log":52,"minecraft:grass_block":2,"minecraft:copper_ore":1,"minecraft:cobblestone":2,"minecraft:birch_log":64,"minecraft:iron_ore":4,"minecraft:grass":6,"minecraft:coal_ore":3,"minecraft:oak_log":12,"minecraft:stone":108,"minecraft:stone_bricks":2,"minecraft:deepslate":7},"minecraft:killed":{"naturalist:bear":1,"minecraft:spider":3,"minecraft:dolphin":1,"minecraft:sheep":4,"minecraft:skeleton":16,"minecraft:zombie":3,"minecraft:cow":1},"minecraft:used":{"minecraft:cooked_mutton":5,"minecraft:chest":1,"minecraft:wooden_pickaxe":21,"minecraft:blue_bed":1,"minecraft:dirt":1,"minecraft:crafting_table":2,"minecraft:wooden_axe":135,"minecraft:apple":1,"minecraft:iron_pickaxe":110,"minecraft:wooden_sword":5,"minecraft:bow":16,"alexsmobs:animal_dictionary":3,"minecraft:cooked_beef":5,"spartanweaponry:iron_greatsword":98},"minecraft:broken":{"minecraft:wooden_axe":2}},"DataVersion":3465}