{"stats":{"minecraft:custom":{"minecraft:time_since_rest":2305,"minecraft:play_time":2305,"minecraft:sprint_one_cm":3833,"minecraft:damage_taken":20,"minecraft:walk_one_cm":4495,"minecraft:jump":15,"minecraft:time_since_death":2305,"minecraft:total_world_time":2305,"minecraft:fall_one_cm":673,"minecraft:interact_with_crafting_table":1,"minecraft:fly_one_cm":3093},"minecraft:crafted":{"minecraft:wooden_sword":1,"minecraft:acacia_planks":24,"minecraft:crafting_table":1,"minecraft:stick":8,"minecraft:wooden_pickaxe":1,"minecraft:wooden_axe":1},"minecraft:picked_up":{"minecraft:crafting_table":1,"minecraft:wheat_seeds":2,"minecraft:acacia_log":20,"minecraft:acacia_sapling":2},"minecraft:mined":{"minecraft:grass":4,"minecraft:acacia_log":25,"minecraft:acacia_leaves":1,"minecraft:crafting_table":1},"minecraft:used":{"minecraft:wooden_axe":26,"minecraft:crafting_table":1}},"DataVersion":3465}