{"stats":{"minecraft:picked_up":{"minecraft:wooden_axe":1,"minecraft:coarse_dirt":1,"minecraft:crafting_table":3,"minecraft:muddy_mangrove_roots":1,"minecraft:andesite":6,"minecraft:wooden_pickaxe":1,"minecraft:oak_log":11,"minecraft:moss_carpet":1,"minecraft:raw_copper":185,"minecraft:bone":2,"minecraft:calcite":1,"minecraft:acacia_sapling":4,"minecraft:egg":6,"minecraft:dark_oak_sapling":1,"minecraft:raw_iron":19,"minecraft:stick":13,"minecraft:torch":7,"minecraft:acacia_log":8,"minecraft:gravel":1,"minecraft:porkchop":2,"minecraft:white_bed":2,"minecraft:dark_oak_log":43,"minecraft:purple_bed":1,"minecraft:rotten_flesh":2,"regions_unexplored:mauve_sapling":4,"minecraft:stone_axe":1,"regions_unexplored:mauve_log":10,"minecraft:mangrove_roots":2,"minecraft:oak_sapling":3,"minecraft:mutton":9,"minecraft:coal":106,"minecraft:mangrove_propagule":1,"minecraft:white_wool":5,"minecraft:cobblestone":20},"minecraft:custom":{"minecraft:mob_kills":10,"minecraft:interact_with_crafting_table":5,"minecraft:interact_with_stonecutter":1,"minecraft:leave_game":4,"minecraft:time_since_death":18240,"minecraft:sleep_in_bed":2,"minecraft:climb_one_cm":1072,"minecraft:time_since_rest":18266,"minecraft:waystone_activated":1,"minecraft:sprint_one_cm":127092,"minecraft:damage_taken":1130,"minecraft:walk_one_cm":117346,"minecraft:drop":16,"minecraft:damage_dealt":1671,"minecraft:swim_one_cm":6884,"minecraft:fly_one_cm":210541,"minecraft:crouch_one_cm":9195,"minecraft:play_time":54897,"minecraft:deaths":4,"minecraft:sneak_time":4128,"minecraft:walk_under_water_one_cm":4726,"minecraft:boat_one_cm":17145,"minecraft:jump":1075,"minecraft:walk_on_water_one_cm":3519,"minecraft:total_world_time":54897,"minecraft:fall_one_cm":38576},"minecraft:used":{"minecraft:moss_carpet":1,"minecraft:acacia_log":1,"minecraft:stone_pickaxe":212,"minecraft:wooden_pickaxe":6,"minecraft:rotten_flesh":2,"minecraft:torch":24,"minecraft:mutton":3,"minecraft:crafting_table":2,"minecraft:white_bed":3,"regions_unexplored:mauve_sapling":4,"minecraft:acacia_sapling":4,"minecraft:wooden_axe":13,"minecraft:muddy_mangrove_roots":1,"minecraft:mangrove_propagule":1,"minecraft:gravel":1,"minecraft:stone_axe":91,"minecraft:mangrove_roots":2,"minecraft:oak_sapling":3,"alexsmobs:animal_dictionary":1},"minecraft:mined":{"minecraft:acacia_leaves":2,"minecraft:white_bed":2,"minecraft:dark_oak_log":52,"minecraft:mangrove_roots":2,"minecraft:crafting_table":2,"minecraft:torch":2,"minecraft:acacia_log":8,"minecraft:calcite":1,"minecraft:tall_grass":1,"minecraft:copper_ore":55,"regions_unexplored:mauve_log":11,"minecraft:mangrove_propagule":1,"minecraft:wall_torch":4,"minecraft:purple_bed":1,"minecraft:coarse_dirt":1,"minecraft:iron_ore":18,"minecraft:andesite":6,"minecraft:muddy_mangrove_roots":1,"minecraft:grass":8,"minecraft:oak_log":12,"minecraft:coal_ore":108,"minecraft:gravel":1,"minecraft:stone":21},"minecraft:killed_by":{"minecraft:skeleton":1,"minecraft:zombie":1,"alexsmobs:kangaroo":1,"alexsmobs:capuchin_monkey":1},"minecraft:dropped":{"minecraft:stone_axe":1,"minecraft:coarse_dirt":1,"alexsmobs:animal_dictionary":1,"minecraft:raw_copper":3,"minecraft:crafting_table":2,"minecraft:raw_iron":1,"minecraft:mutton":1,"minecraft:andesite":4,"minecraft:wooden_axe":2,"minecraft:wooden_pickaxe":2,"minecraft:calcite":1,"minecraft:egg":1},"minecraft:broken":{"minecraft:stone_pickaxe":1},"minecraft:killed":{"minecraft:pig":1,"minecraft:sheep":5,"minecraft:skeleton":2,"minecraft:zombie":2},"minecraft:crafted":{"minecraft:oak_planks":40,"minecraft:crafting_table":2,"minecraft:wooden_pickaxe":1,"minecraft:stone_axe":1,"regions_unexplored:oak_branch":2,"minecraft:stick":12,"minecraft:stone_pickaxe":2,"minecraft:wooden_axe":1,"minecraft:white_bed":1,"minecraft:torch":48}},"DataVersion":3465}