{"stats":{"minecraft:custom":{"minecraft:interact_with_smithing_table":4,"minecraft:interact_with_anvil":4,"minecraft:mob_kills":64,"minecraft:animals_bred":6,"minecraft:interact_with_crafting_table":56,"minecraft:open_barrel":2,"minecraft:leave_game":8,"minecraft:time_since_death":12801,"minecraft:climb_one_cm":8001,"minecraft:sprint_one_cm":335469,"minecraft:walk_one_cm":433873,"minecraft:drop":157,"minecraft:talked_to_villager":9,"minecraft:play_time":151159,"minecraft:sneak_time":5987,"minecraft:deaths":5,"minecraft:walk_under_water_one_cm":17685,"minecraft:boat_one_cm":17145,"minecraft:jump":2159,"minecraft:walk_on_water_one_cm":15125,"minecraft:total_world_time":151159,"minecraft:interact_with_furnace":19,"minecraft:interact_with_cartography_table":1,"minecraft:interact_with_stonecutter":1,"minecraft:sleep_in_bed":5,"minecraft:time_since_rest":12827,"minecraft:waystone_activated":1,"minecraft:damage_taken":2192,"minecraft:damage_dealt":6561,"minecraft:swim_one_cm":71527,"minecraft:fly_one_cm":451731,"minecraft:open_chest":131,"minecraft:crouch_one_cm":16177,"minecraft:interact_with_smoker":11,"minecraft:fall_one_cm":59368},"minecraft:killed_by":{"alexsmobs:capuchin_monkey":1,"minecraft:skeleton":1,"minecraft:zombie":1,"alexsmobs:kangaroo":1},"minecraft:dropped":{"regions_unexplored:redwood_slab":72,"minecraft:iron_ingot":17,"minecraft:bread":104,"spartanweaponry:handle":6,"minecraft:porkchop":9,"minecraft:wheat_seeds":1771,"minecraft:oak_log":64,"minecraft:crafting_table":2,"immersive_aircraft:boiler":1,"minecraft:cooked_porkchop":2,"minecraft:oak_fence":9,"minecraft:lead":2,"minecraft:book":1,"minecraft:cracked_stone_bricks":3,"minecraft:copper_ingot":177,"minecraft:coal":63,"minecraft:golden_apple":5,"minecraft:emerald":8,"minecraft:stick":32,"minecraft:flint":4,"minecraft:dirt":229,"minecraft:dark_oak_log":34,"immersive_armors:wooden_leggings":1,"minecraft:mutton":3,"minecraft:wooden_axe":2,"alexsmobs:flying_fish":3,"regions_unexplored:dusktrap":4,"artifacts:charm_of_sinking":1,"minecraft:bone_meal":1,"minecraft:sand":1,"immersive_armors:wooden_chestplate":1,"minecraft:paper":216,"minecraft:dark_oak_planks":255,"minecraft:bucket":1,"minecraft:acacia_planks":184,"regions_unexplored:redstone_bulb":5,"minecraft:blue_bed":1,"minecraft:spruce_sapling":1,"minecraft:redstone":39,"minecraft:bone":29,"minecraft:gravel":12,"minecraft:stone_axe":1,"minecraft:kelp":4,"minecraft:iron_nugget":4,"alexsmobs:acacia_blossom":4,"minecraft:coarse_dirt":1,"minecraft:cobbled_deepslate":189,"alexsmobs:animal_dictionary":1,"minecraft:raw_copper":67,"minecraft:tuff":35,"minecraft:wheat":2,"immersive_armors:wooden_boots":1,"minecraft:raw_iron":1,"minecraft:enchanted_golden_apple":2,"minecraft:name_tag":2,"regions_unexplored:redwood_planks":321,"securitycraft:universal_block_remover":1,"minecraft:potato":9,"regions_unexplored:peat_dirt":2,"minecraft:tipped_arrow":13,"minecraft:gunpowder":2,"artifacts:helium_flamingo":3,"minecraft:andesite":4,"regions_unexplored:blackwood_sapling":1,"minecraft:oak_sapling":1,"minecraft:acacia_sapling":10,"minecraft:stone_bricks":2,"minecraft:spider_eye":3,"minecraft:spruce_slab":1,"minecraft:arrow":2,"minecraft:beef":28,"minecraft:wooden_pickaxe":3,"spartanweaponry:studded_cestus":1,"minecraft:calcite":1,"immersive_armors:wooden_helmet":1,"minecraft:egg":1},"minecraft:crafted":{"minecraft:oak_planks":40,"travelersbackpack:iron":1,"travelersbackpack:crafting_upgrade":1,"spartanweaponry:cestus":2,"minecraft:furnace":2,"minecraft:spruce_fence":18,"travelersbackpack:gold_tier_upgrade":1,"travelersbackpack:blank_upgrade":4,"minecraft:cooked_mutton":14,"immersive_armors:wooden_chestplate":1,"minecraft:glass":49,"travelersbackpack:white_sleeping_bag":1,"regions_unexplored:mauve_planks":40,"minecraft:iron_boots":1,"securitycraft:universal_block_remover":1,"immersive_aircraft:hull":3,"minecraft:stone_pickaxe":2,"minecraft:chest":3,"immersive_armors:wooden_helmet":1,"spartanweaponry:studded_cestus":2,"minecraft:dark_oak_planks":512,"minecraft:oak_fence":9,"ironchest:wood_to_iron_chest_upgrade":1,"travelersbackpack:iron_tier_upgrade":1,"minecraft:cooked_porkchop":2,"immersive_aircraft:boiler":1,"minecraft:crafting_table":3,"minecraft:spruce_planks":72,"travelersbackpack:backpack_tank":4,"minecraft:wooden_pickaxe":1,"travelersbackpack:standard":4,"immersive_armors:wooden_leggings":1,"minecraft:copper_ingot":136,"minecraft:stone_axe":3,"regions_unexplored:oak_branch":2,"minecraft:bread":145,"minecraft:air":0,"immersive_armors:wooden_boots":1,"ironchest:iron_to_gold_chest_upgrade":1,"minecraft:white_wool":2,"minecraft:paper":216,"minecraft:stick":32,"minecraft:iron_ingot":18,"minecraft:wooden_axe":1,"minecraft:iron_shovel":1,"minecraft:white_bed":1,"minecraft:torch":48,"minecraft:shears":1},"minecraft:picked_up":{"minecraft:wooden_axe":1,"minecraft:coarse_dirt":1,"minecraft:crafting_table":3,"minecraft:wheat":627,"artifacts:night_vision_goggles":1,"minecraft:lead":2,"artifacts:umbrella":1,"minecraft:wooden_pickaxe":2,"minecraft:enchanted_book":1,"minecraft:moss_carpet":1,"minecraft:raw_copper":284,"minecraft:cracked_stone_bricks":3,"minecraft:cobbled_deepslate":197,"minecraft:bucket":1,"minecraft:beef":56,"minecraft:calcite":1,"minecraft:sugar_cane":230,"minecraft:iron_nugget":4,"minecraft:spruce_slab":2,"minecraft:enchanted_golden_apple":2,"regions_unexplored:redwood_planks":195,"regions_unexplored:redwood_slab":63,"minecraft:chest":1,"minecraft:furnace":3,"minecraft:egg":6,"minecraft:tipped_arrow":26,"minecraft:dark_oak_sapling":6,"minecraft:raw_iron":20,"minecraft:stick":66,"artifacts:charm_of_sinking":2,"minecraft:copper_ingot":330,"minecraft:oak_fence":11,"minecraft:torch":23,"minecraft:acacia_log":8,"minecraft:porkchop":11,"ironchest:gold_chest":1,"minecraft:redstone":39,"minecraft:cauldron":1,"minecraft:dark_oak_planks":192,"minecraft:orange_bed":1,"regions_unexplored:dusktrap":4,"minecraft:arrow":59,"spartanweaponry:studded_cestus":1,"minecraft:rotten_flesh":4,"regions_unexplored:mauve_sapling":4,"regions_unexplored:redstone_bulb":10,"regions_unexplored:mauve_log":10,"minecraft:mangrove_roots":2,"minecraft:mutton":11,"minecraft:white_wool":5,"alexsmobs:flying_fish":10,"minecraft:cobblestone":21,"regions_unexplored:peat_dirt":2,"minecraft:muddy_mangrove_roots":1,"spartanweaponry:handle":6,"minecraft:andesite":6,"minecraft:leather":14,"alexsmobs:acacia_blossom":4,"minecraft:flint":4,"minecraft:tuff":35,"minecraft:oak_log":78,"minecraft:gunpowder":4,"minecraft:blue_bed":1,"minecraft:dirt":317,"minecraft:paper":321,"minecraft:lantern":1,"minecraft:name_tag":2,"travelersbackpack:backpack_tank":2,"minecraft:bone":75,"minecraft:acacia_planks":352,"minecraft:stone_bricks":2,"minecraft:kelp":6,"minecraft:bow":4,"minecraft:wheat_seeds":1409,"minecraft:iron_ingot":10,"minecraft:acacia_sapling":24,"minecraft:book":1,"minecraft:cooked_porkchop":2,"immersive_aircraft:boiler":1,"minecraft:poisonous_potato":5,"minecraft:gravel":13,"minecraft:sand":65,"minecraft:white_bed":2,"minecraft:dark_oak_log":214,"minecraft:spider_eye":3,"minecraft:mossy_cobblestone":2,"artifacts:helium_flamingo":4,"minecraft:purple_bed":1,"minecraft:stone_axe":1,"regions_unexplored:blackwood_sapling":1,"minecraft:bone_meal":1,"minecraft:golden_apple":5,"minecraft:bread":59,"minecraft:emerald":8,"minecraft:oak_sapling":3,"minecraft:mangrove_propagule":1,"minecraft:coal":276},"minecraft:mined":{"minecraft:dark_oak_planks":3,"minecraft:white_bed":2,"minecraft:mossy_cobblestone":2,"minecraft:cobblestone_stairs":2,"minecraft:dark_oak_log":215,"minecraft:mangrove_roots":2,"minecraft:acacia_log":8,"minecraft:spruce_leaves":5,"minecraft:mangrove_propagule":1,"minecraft:furnace":3,"minecraft:iron_ore":18,"ironchest:gold_chest":1,"minecraft:andesite":6,"minecraft:deepslate_iron_ore":1,"minecraft:lantern":1,"minecraft:stone":21,"minecraft:orange_bed":1,"minecraft:acacia_leaves":2,"minecraft:kelp_plant":1,"minecraft:oak_fence":9,"minecraft:torch":9,"minecraft:crafting_table":2,"regions_unexplored:peat_grass_block":2,"minecraft:calcite":1,"minecraft:copper_ore":65,"minecraft:glass":1,"minecraft:tall_grass":2,"minecraft:cobblestone":1,"regions_unexplored:mauve_log":11,"minecraft:sugar_cane":121,"minecraft:wall_torch":4,"minecraft:blue_bed":1,"minecraft:cauldron":1,"minecraft:purple_bed":1,"minecraft:coarse_dirt":1,"minecraft:wheat":626,"minecraft:muddy_mangrove_roots":1,"minecraft:grass":8,"minecraft:coal_ore":108,"minecraft:oak_log":12,"minecraft:sand":65,"minecraft:gravel":1,"regions_unexplored:blackwood_leaves":1,"minecraft:fern":1},"minecraft:killed":{"minecraft:skeleton":42,"minecraft:chicken":1,"minecraft:pig":1,"alexsmobs:seal":1,"minecraft:sheep":5,"minecraft:zombie":4,"minecraft:cow":10},"minecraft:used":{"minecraft:moss_carpet":1,"minecraft:iron_shovel":65,"minecraft:acacia_log":1,"minecraft:chest":1,"minecraft:rotten_flesh":2,"minecraft:orange_bed":1,"minecraft:torch":31,"minecraft:mutton":3,"regions_unexplored:mauve_sapling":4,"minecraft:spruce_fence":18,"minecraft:acacia_sapling":4,"minecraft:dark_oak_planks":3,"minecraft:glass":1,"minecraft:wooden_axe":13,"minecraft:lantern":1,"minecraft:muddy_mangrove_roots":1,"spartanweaponry:studded_cestus":237,"minecraft:mangrove_roots":2,"minecraft:oak_sapling":3,"minecraft:furnace":4,"ironchest:gold_chest":1,"minecraft:egg":26,"minecraft:dark_oak_sapling":6,"minecraft:wheat_seeds":625,"minecraft:cooked_mutton":11,"minecraft:stone_pickaxe":242,"minecraft:cauldron":1,"minecraft:sugar_cane":14,"minecraft:wooden_pickaxe":6,"minecraft:crafting_table":3,"minecraft:white_bed":3,"minecraft:bread":3,"minecraft:mangrove_propagule":1,"minecraft:iron_pickaxe":3,"ironchest:iron_to_gold_chest_upgrade":1,"minecraft:gravel":1,"minecraft:stone_axe":268,"minecraft:purple_bed":1,"minecraft:cooked_porkchop":2,"alexsmobs:animal_dictionary":1,"ironchest:wood_to_iron_chest_upgrade":1,"minecraft:oak_fence":10},"minecraft:broken":{"minecraft:stone_pickaxe":1,"minecraft:stone_axe":2}},"DataVersion":3465}