{"stats":{"minecraft:picked_up":{"minecraft:wooden_axe":1,"regions_unexplored:peat_dirt":2,"minecraft:coarse_dirt":1,"minecraft:crafting_table":3,"minecraft:muddy_mangrove_roots":1,"minecraft:andesite":6,"minecraft:wooden_pickaxe":1,"minecraft:oak_log":11,"minecraft:lantern":1,"minecraft:blue_bed":1,"minecraft:moss_carpet":1,"minecraft:raw_copper":217,"minecraft:bone":2,"minecraft:calcite":1,"minecraft:furnace":2,"minecraft:acacia_sapling":4,"minecraft:egg":6,"minecraft:dark_oak_sapling":6,"minecraft:raw_iron":19,"minecraft:stick":13,"minecraft:torch":9,"minecraft:acacia_log":8,"minecraft:gravel":1,"minecraft:porkchop":2,"minecraft:white_bed":2,"minecraft:cauldron":1,"minecraft:dark_oak_log":180,"minecraft:orange_bed":1,"minecraft:purple_bed":1,"minecraft:rotten_flesh":2,"regions_unexplored:mauve_sapling":4,"regions_unexplored:blackwood_sapling":1,"minecraft:stone_axe":1,"regions_unexplored:mauve_log":10,"minecraft:mangrove_roots":2,"minecraft:oak_sapling":3,"minecraft:mutton":9,"minecraft:coal":106,"minecraft:mangrove_propagule":1,"minecraft:white_wool":5,"minecraft:cobblestone":20},"minecraft:used":{"minecraft:moss_carpet":1,"minecraft:acacia_log":1,"minecraft:stone_pickaxe":241,"minecraft:wooden_pickaxe":6,"minecraft:cauldron":1,"minecraft:rotten_flesh":2,"minecraft:orange_bed":1,"minecraft:torch":26,"minecraft:mutton":3,"minecraft:crafting_table":3,"minecraft:white_bed":3,"regions_unexplored:mauve_sapling":4,"minecraft:acacia_sapling":4,"minecraft:wooden_axe":13,"minecraft:muddy_mangrove_roots":1,"minecraft:mangrove_propagule":1,"minecraft:bread":3,"minecraft:gravel":1,"minecraft:stone_axe":257,"minecraft:purple_bed":1,"minecraft:mangrove_roots":2,"minecraft:furnace":2,"minecraft:oak_sapling":3,"alexsmobs:animal_dictionary":1,"minecraft:dark_oak_sapling":6},"minecraft:custom":{"minecraft:interact_with_furnace":4,"minecraft:mob_kills":10,"minecraft:interact_with_cartography_table":1,"minecraft:interact_with_crafting_table":10,"minecraft:interact_with_stonecutter":1,"minecraft:leave_game":4,"minecraft:time_since_death":30240,"minecraft:sleep_in_bed":2,"minecraft:climb_one_cm":1371,"minecraft:time_since_rest":30266,"minecraft:waystone_activated":1,"minecraft:sprint_one_cm":162322,"minecraft:damage_taken":1224,"minecraft:walk_one_cm":173533,"minecraft:drop":21,"minecraft:damage_dealt":1671,"minecraft:swim_one_cm":9079,"minecraft:talked_to_villager":9,"minecraft:fly_one_cm":244728,"minecraft:open_chest":10,"minecraft:crouch_one_cm":11400,"minecraft:play_time":66897,"minecraft:deaths":4,"minecraft:sneak_time":4633,"minecraft:walk_under_water_one_cm":5669,"minecraft:boat_one_cm":17145,"minecraft:jump":1334,"minecraft:walk_on_water_one_cm":3685,"minecraft:interact_with_smoker":1,"minecraft:total_world_time":66897,"minecraft:fall_one_cm":42001},"minecraft:mined":{"minecraft:acacia_leaves":2,"minecraft:white_bed":2,"minecraft:mossy_cobblestone":2,"minecraft:cobblestone_stairs":2,"minecraft:dark_oak_log":215,"minecraft:mangrove_roots":2,"minecraft:crafting_table":2,"minecraft:torch":4,"minecraft:acacia_log":8,"regions_unexplored:peat_grass_block":2,"minecraft:calcite":1,"minecraft:spruce_leaves":5,"minecraft:cobblestone":1,"minecraft:tall_grass":1,"minecraft:copper_ore":65,"regions_unexplored:mauve_log":11,"minecraft:mangrove_propagule":1,"minecraft:blue_bed":1,"minecraft:wall_torch":4,"minecraft:cauldron":1,"minecraft:purple_bed":1,"minecraft:coarse_dirt":1,"minecraft:furnace":2,"minecraft:iron_ore":18,"minecraft:andesite":6,"minecraft:muddy_mangrove_roots":1,"minecraft:grass":8,"minecraft:oak_log":12,"minecraft:coal_ore":108,"minecraft:lantern":1,"minecraft:gravel":1,"regions_unexplored:blackwood_leaves":1,"minecraft:stone":21,"minecraft:orange_bed":1,"minecraft:fern":1},"minecraft:killed_by":{"minecraft:skeleton":1,"minecraft:zombie":1,"alexsmobs:kangaroo":1,"alexsmobs:capuchin_monkey":1},"minecraft:dropped":{"minecraft:stone_axe":1,"minecraft:coarse_dirt":1,"alexsmobs:animal_dictionary":1,"minecraft:raw_copper":3,"minecraft:crafting_table":2,"minecraft:raw_iron":1,"regions_unexplored:peat_dirt":2,"minecraft:mutton":1,"minecraft:andesite":4,"minecraft:wooden_axe":2,"regions_unexplored:blackwood_sapling":1,"minecraft:wooden_pickaxe":2,"minecraft:calcite":1,"minecraft:spruce_sapling":1,"minecraft:blue_bed":1,"minecraft:egg":1},"minecraft:broken":{"minecraft:stone_pickaxe":1,"minecraft:stone_axe":2},"minecraft:killed":{"minecraft:pig":1,"minecraft:sheep":5,"minecraft:skeleton":2,"minecraft:zombie":2},"minecraft:crafted":{"minecraft:oak_planks":40,"minecraft:crafting_table":2,"minecraft:wooden_pickaxe":1,"immersive_armors:wooden_leggings":1,"minecraft:stone_axe":3,"regions_unexplored:oak_branch":2,"minecraft:cooked_mutton":9,"minecraft:air":0,"immersive_armors:wooden_chestplate":1,"immersive_armors:wooden_boots":1,"minecraft:stick":16,"minecraft:iron_ingot":10,"minecraft:stone_pickaxe":2,"minecraft:wooden_axe":1,"minecraft:white_bed":1,"immersive_armors:wooden_helmet":1,"minecraft:torch":48}},"DataVersion":3465}