{"stats":{"minecraft:custom":{"minecraft:mob_kills":15,"minecraft:animals_bred":3,"minecraft:interact_with_crafting_table":24,"minecraft:leave_game":5,"minecraft:time_since_death":80227,"minecraft:climb_one_cm":1371,"minecraft:sprint_one_cm":266244,"minecraft:walk_one_cm":371282,"minecraft:drop":71,"minecraft:talked_to_villager":9,"minecraft:play_time":116884,"minecraft:deaths":4,"minecraft:sneak_time":5395,"minecraft:walk_under_water_one_cm":16232,"minecraft:boat_one_cm":17145,"minecraft:jump":1920,"minecraft:walk_on_water_one_cm":13289,"minecraft:total_world_time":116884,"minecraft:interact_with_furnace":14,"minecraft:interact_with_cartography_table":1,"minecraft:interact_with_stonecutter":1,"minecraft:sleep_in_bed":5,"minecraft:time_since_rest":32918,"minecraft:waystone_activated":1,"minecraft:damage_taken":1613,"minecraft:damage_dealt":2667,"minecraft:swim_one_cm":65256,"minecraft:fly_one_cm":387503,"minecraft:open_chest":44,"minecraft:crouch_one_cm":13303,"minecraft:interact_with_smoker":10,"minecraft:fall_one_cm":53120},"minecraft:killed_by":{"alexsmobs:capuchin_monkey":1,"minecraft:skeleton":1,"minecraft:zombie":1,"alexsmobs:kangaroo":1},"minecraft:dropped":{"minecraft:bread":64,"minecraft:iron_ingot":3,"minecraft:wheat_seeds":1771,"minecraft:crafting_table":2,"minecraft:cooked_porkchop":2,"minecraft:oak_fence":8,"minecraft:book":1,"minecraft:stick":1,"minecraft:dirt":1,"immersive_armors:wooden_leggings":1,"minecraft:mutton":1,"minecraft:wooden_axe":2,"immersive_armors:wooden_chestplate":1,"minecraft:blue_bed":1,"minecraft:spruce_sapling":1,"minecraft:stone_axe":1,"minecraft:coarse_dirt":1,"minecraft:cobbled_deepslate":1,"alexsmobs:animal_dictionary":1,"minecraft:raw_copper":3,"immersive_armors:wooden_boots":1,"minecraft:raw_iron":1,"securitycraft:universal_block_remover":1,"minecraft:potato":9,"regions_unexplored:peat_dirt":2,"artifacts:helium_flamingo":2,"minecraft:andesite":4,"regions_unexplored:blackwood_sapling":1,"minecraft:oak_sapling":1,"minecraft:arrow":2,"minecraft:wooden_pickaxe":2,"spartanweaponry:studded_cestus":1,"minecraft:calcite":1,"immersive_armors:wooden_helmet":1,"minecraft:egg":1},"minecraft:crafted":{"minecraft:oak_planks":40,"spartanweaponry:cestus":2,"minecraft:spruce_fence":18,"minecraft:cooked_mutton":14,"immersive_armors:wooden_chestplate":1,"minecraft:iron_boots":1,"regions_unexplored:mauve_planks":40,"securitycraft:universal_block_remover":1,"immersive_aircraft:hull":3,"minecraft:stone_pickaxe":2,"immersive_armors:wooden_helmet":1,"spartanweaponry:studded_cestus":2,"minecraft:dark_oak_planks":512,"minecraft:oak_fence":9,"minecraft:cooked_porkchop":2,"immersive_aircraft:boiler":1,"minecraft:crafting_table":2,"minecraft:spruce_planks":72,"minecraft:wooden_pickaxe":1,"immersive_armors:wooden_leggings":1,"minecraft:copper_ingot":136,"minecraft:stone_axe":3,"regions_unexplored:oak_branch":2,"minecraft:bread":145,"minecraft:air":0,"immersive_armors:wooden_boots":1,"minecraft:paper":216,"minecraft:stick":32,"minecraft:iron_ingot":18,"minecraft:wooden_axe":1,"minecraft:iron_shovel":1,"minecraft:white_bed":1,"minecraft:torch":48,"minecraft:shears":1},"minecraft:picked_up":{"minecraft:wooden_axe":1,"minecraft:crafting_table":3,"minecraft:coarse_dirt":1,"minecraft:wheat":625,"artifacts:night_vision_goggles":1,"minecraft:wooden_pickaxe":1,"minecraft:moss_carpet":1,"minecraft:raw_copper":220,"minecraft:cobbled_deepslate":5,"minecraft:calcite":1,"minecraft:sugar_cane":230,"minecraft:egg":6,"minecraft:furnace":3,"minecraft:dark_oak_sapling":6,"minecraft:stick":14,"minecraft:raw_iron":20,"artifacts:charm_of_sinking":1,"minecraft:copper_ingot":6,"minecraft:oak_fence":9,"minecraft:torch":15,"minecraft:acacia_log":8,"minecraft:porkchop":2,"minecraft:cauldron":1,"minecraft:dark_oak_planks":2,"minecraft:orange_bed":1,"spartanweaponry:studded_cestus":1,"minecraft:arrow":6,"minecraft:rotten_flesh":2,"regions_unexplored:mauve_sapling":4,"regions_unexplored:mauve_log":10,"minecraft:mangrove_roots":2,"minecraft:mutton":9,"minecraft:white_wool":5,"minecraft:cobblestone":21,"regions_unexplored:peat_dirt":2,"minecraft:muddy_mangrove_roots":1,"minecraft:andesite":6,"minecraft:oak_log":11,"minecraft:blue_bed":1,"minecraft:dirt":39,"minecraft:lantern":1,"minecraft:bone":6,"minecraft:stone_bricks":2,"minecraft:wheat_seeds":1409,"minecraft:iron_ingot":2,"minecraft:acacia_sapling":4,"minecraft:book":1,"minecraft:cooked_porkchop":2,"minecraft:gravel":1,"minecraft:white_bed":2,"minecraft:dark_oak_log":180,"minecraft:mossy_cobblestone":2,"artifacts:helium_flamingo":3,"minecraft:purple_bed":1,"minecraft:stone_axe":1,"regions_unexplored:blackwood_sapling":1,"minecraft:oak_sapling":3,"minecraft:mangrove_propagule":1,"minecraft:coal":153},"minecraft:mined":{"minecraft:dark_oak_planks":3,"minecraft:white_bed":2,"minecraft:mossy_cobblestone":2,"minecraft:cobblestone_stairs":2,"minecraft:dark_oak_log":215,"minecraft:mangrove_roots":2,"minecraft:acacia_log":8,"minecraft:spruce_leaves":5,"minecraft:mangrove_propagule":1,"minecraft:furnace":3,"minecraft:iron_ore":18,"minecraft:andesite":6,"minecraft:deepslate_iron_ore":1,"minecraft:lantern":1,"minecraft:stone":21,"minecraft:orange_bed":1,"minecraft:acacia_leaves":2,"minecraft:oak_fence":9,"minecraft:crafting_table":2,"minecraft:torch":9,"regions_unexplored:peat_grass_block":2,"minecraft:calcite":1,"minecraft:glass":1,"minecraft:cobblestone":1,"minecraft:tall_grass":2,"minecraft:copper_ore":65,"regions_unexplored:mauve_log":11,"minecraft:sugar_cane":121,"minecraft:blue_bed":1,"minecraft:wall_torch":4,"minecraft:cauldron":1,"minecraft:purple_bed":1,"minecraft:coarse_dirt":1,"minecraft:wheat":626,"minecraft:muddy_mangrove_roots":1,"minecraft:grass":8,"minecraft:oak_log":12,"minecraft:coal_ore":108,"minecraft:gravel":1,"regions_unexplored:blackwood_leaves":1,"minecraft:fern":1},"minecraft:killed":{"minecraft:skeleton":5,"minecraft:chicken":1,"minecraft:pig":1,"alexsmobs:seal":1,"minecraft:sheep":5,"minecraft:zombie":2},"minecraft:used":{"minecraft:oak_fence":10,"minecraft:moss_carpet":1,"minecraft:acacia_log":1,"minecraft:rotten_flesh":2,"minecraft:orange_bed":1,"minecraft:torch":31,"minecraft:mutton":3,"regions_unexplored:mauve_sapling":4,"minecraft:acacia_sapling":4,"minecraft:spruce_fence":18,"minecraft:dark_oak_planks":3,"minecraft:wooden_axe":13,"minecraft:lantern":1,"minecraft:muddy_mangrove_roots":1,"spartanweaponry:studded_cestus":47,"minecraft:mangrove_roots":2,"minecraft:oak_sapling":3,"minecraft:furnace":2,"minecraft:egg":26,"minecraft:dark_oak_sapling":6,"minecraft:wheat_seeds":625,"minecraft:cooked_mutton":6,"minecraft:stone_pickaxe":242,"minecraft:wooden_pickaxe":6,"minecraft:cauldron":1,"minecraft:sugar_cane":14,"minecraft:crafting_table":3,"minecraft:white_bed":3,"minecraft:mangrove_propagule":1,"minecraft:bread":3,"minecraft:iron_pickaxe":2,"minecraft:gravel":1,"minecraft:stone_axe":268,"minecraft:purple_bed":1,"minecraft:cooked_porkchop":2,"alexsmobs:animal_dictionary":1},"minecraft:broken":{"minecraft:stone_pickaxe":1,"minecraft:stone_axe":2}},"DataVersion":3465}