{"stats":{"minecraft:picked_up":{"minecraft:wooden_axe":1,"minecraft:crafting_table":3,"minecraft:coarse_dirt":1,"minecraft:wooden_pickaxe":1,"minecraft:moss_carpet":1,"minecraft:raw_copper":217,"minecraft:calcite":1,"minecraft:sugar_cane":9,"minecraft:egg":6,"minecraft:furnace":2,"minecraft:dark_oak_sapling":6,"minecraft:stick":13,"minecraft:raw_iron":19,"minecraft:oak_fence":9,"minecraft:torch":14,"minecraft:acacia_log":8,"minecraft:porkchop":2,"minecraft:cauldron":1,"minecraft:orange_bed":1,"minecraft:rotten_flesh":2,"regions_unexplored:mauve_sapling":4,"regions_unexplored:mauve_log":10,"minecraft:mangrove_roots":2,"minecraft:mutton":9,"minecraft:white_wool":5,"minecraft:cobblestone":20,"regions_unexplored:peat_dirt":2,"minecraft:muddy_mangrove_roots":1,"minecraft:andesite":6,"minecraft:oak_log":11,"minecraft:blue_bed":1,"minecraft:lantern":1,"minecraft:bone":2,"minecraft:acacia_sapling":4,"minecraft:book":1,"minecraft:gravel":1,"minecraft:white_bed":2,"minecraft:dark_oak_log":180,"artifacts:helium_flamingo":3,"minecraft:purple_bed":1,"minecraft:stone_axe":1,"regions_unexplored:blackwood_sapling":1,"minecraft:oak_sapling":3,"minecraft:mangrove_propagule":1,"minecraft:coal":106},"minecraft:custom":{"minecraft:mob_kills":10,"minecraft:interact_with_crafting_table":14,"minecraft:leave_game":4,"minecraft:time_since_death":42240,"minecraft:climb_one_cm":1371,"minecraft:sprint_one_cm":175869,"minecraft:walk_one_cm":198850,"minecraft:drop":26,"minecraft:talked_to_villager":9,"minecraft:play_time":78897,"minecraft:deaths":4,"minecraft:sneak_time":4898,"minecraft:walk_under_water_one_cm":8458,"minecraft:boat_one_cm":17145,"minecraft:jump":1427,"minecraft:walk_on_water_one_cm":5882,"minecraft:total_world_time":78897,"minecraft:interact_with_furnace":12,"minecraft:interact_with_cartography_table":1,"minecraft:interact_with_stonecutter":1,"minecraft:sleep_in_bed":4,"minecraft:time_since_rest":8687,"minecraft:waystone_activated":1,"minecraft:damage_taken":1384,"minecraft:damage_dealt":1671,"minecraft:swim_one_cm":32801,"minecraft:fly_one_cm":267134,"minecraft:open_chest":20,"minecraft:crouch_one_cm":12223,"minecraft:interact_with_smoker":7,"minecraft:fall_one_cm":45594},"minecraft:used":{"minecraft:oak_fence":10,"minecraft:moss_carpet":1,"minecraft:acacia_log":1,"minecraft:rotten_flesh":2,"minecraft:orange_bed":1,"minecraft:torch":31,"minecraft:mutton":3,"regions_unexplored:mauve_sapling":4,"minecraft:acacia_sapling":4,"minecraft:spruce_fence":18,"minecraft:wooden_axe":13,"minecraft:muddy_mangrove_roots":1,"minecraft:mangrove_roots":2,"minecraft:oak_sapling":3,"minecraft:furnace":2,"minecraft:egg":5,"minecraft:dark_oak_sapling":6,"minecraft:cooked_mutton":2,"minecraft:stone_pickaxe":242,"minecraft:wooden_pickaxe":6,"minecraft:cauldron":1,"minecraft:sugar_cane":9,"minecraft:crafting_table":3,"minecraft:white_bed":3,"minecraft:mangrove_propagule":1,"minecraft:bread":3,"minecraft:gravel":1,"minecraft:stone_axe":265,"minecraft:purple_bed":1,"alexsmobs:animal_dictionary":1},"minecraft:mined":{"minecraft:white_bed":2,"minecraft:mossy_cobblestone":2,"minecraft:cobblestone_stairs":2,"minecraft:dark_oak_log":215,"minecraft:mangrove_roots":2,"minecraft:acacia_log":8,"minecraft:spruce_leaves":5,"minecraft:mangrove_propagule":1,"minecraft:furnace":2,"minecraft:iron_ore":18,"minecraft:andesite":6,"minecraft:lantern":1,"minecraft:stone":21,"minecraft:orange_bed":1,"minecraft:acacia_leaves":2,"minecraft:oak_fence":9,"minecraft:crafting_table":2,"minecraft:torch":9,"regions_unexplored:peat_grass_block":2,"minecraft:calcite":1,"minecraft:copper_ore":65,"minecraft:tall_grass":1,"minecraft:cobblestone":1,"regions_unexplored:mauve_log":11,"minecraft:sugar_cane":7,"minecraft:wall_torch":4,"minecraft:blue_bed":1,"minecraft:cauldron":1,"minecraft:purple_bed":1,"minecraft:coarse_dirt":1,"minecraft:muddy_mangrove_roots":1,"minecraft:grass":8,"minecraft:coal_ore":108,"minecraft:oak_log":12,"minecraft:gravel":1,"regions_unexplored:blackwood_leaves":1,"minecraft:fern":1},"minecraft:killed_by":{"alexsmobs:capuchin_monkey":1,"minecraft:skeleton":1,"minecraft:zombie":1,"alexsmobs:kangaroo":1},"minecraft:dropped":{"minecraft:crafting_table":2,"minecraft:oak_fence":8,"minecraft:book":1,"minecraft:mutton":1,"minecraft:wooden_axe":2,"minecraft:blue_bed":1,"minecraft:spruce_sapling":1,"minecraft:stone_axe":1,"minecraft:coarse_dirt":1,"alexsmobs:animal_dictionary":1,"minecraft:raw_copper":3,"minecraft:raw_iron":1,"regions_unexplored:peat_dirt":2,"artifacts:helium_flamingo":2,"minecraft:andesite":4,"regions_unexplored:blackwood_sapling":1,"minecraft:oak_sapling":1,"minecraft:wooden_pickaxe":2,"minecraft:calcite":1,"minecraft:egg":1},"minecraft:broken":{"minecraft:stone_pickaxe":1,"minecraft:stone_axe":2},"minecraft:killed":{"minecraft:skeleton":2,"minecraft:pig":1,"minecraft:sheep":5,"minecraft:zombie":2},"minecraft:crafted":{"minecraft:oak_planks":40,"minecraft:spruce_fence":18,"minecraft:cooked_mutton":14,"immersive_armors:wooden_chestplate":1,"regions_unexplored:mauve_planks":40,"securitycraft:universal_block_remover":1,"immersive_aircraft:hull":3,"minecraft:stone_pickaxe":2,"immersive_armors:wooden_helmet":1,"minecraft:dark_oak_planks":512,"minecraft:oak_fence":9,"minecraft:cooked_porkchop":2,"minecraft:crafting_table":2,"minecraft:spruce_planks":72,"minecraft:wooden_pickaxe":1,"immersive_armors:wooden_leggings":1,"minecraft:copper_ingot":49,"minecraft:stone_axe":3,"regions_unexplored:oak_branch":2,"minecraft:air":0,"immersive_armors:wooden_boots":1,"minecraft:stick":28,"minecraft:iron_ingot":18,"minecraft:wooden_axe":1,"minecraft:white_bed":1,"minecraft:torch":48,"minecraft:shears":1}},"DataVersion":3465}