{"stats":{"minecraft:crafted":{"minecraft:oak_planks":40,"minecraft:crafting_table":2,"minecraft:stick":8,"minecraft:wooden_axe":1,"regions_unexplored:oak_branch":2},"minecraft:mined":{"minecraft:acacia_leaves":2,"minecraft:mangrove_roots":2,"minecraft:muddy_mangrove_roots":1,"minecraft:grass":8,"minecraft:acacia_log":1,"minecraft:oak_log":12,"minecraft:gravel":1,"minecraft:tall_grass":1,"minecraft:mangrove_propagule":1},"minecraft:killed":{"minecraft:sheep":5,"minecraft:zombie":1},"minecraft:dropped":{"alexsmobs:animal_dictionary":1},"minecraft:picked_up":{"minecraft:stick":5,"minecraft:muddy_mangrove_roots":1,"minecraft:acacia_log":1,"minecraft:gravel":1,"minecraft:oak_log":11,"minecraft:moss_carpet":1,"minecraft:rotten_flesh":1,"minecraft:mangrove_roots":2,"minecraft:oak_sapling":3,"minecraft:mutton":8,"minecraft:acacia_sapling":3,"minecraft:mangrove_propagule":1,"minecraft:white_wool":5},"minecraft:killed_by":{"alexsmobs:capuchin_monkey":1,"minecraft:zombie":1},"minecraft:used":{"minecraft:wooden_axe":10,"minecraft:moss_carpet":1,"minecraft:acacia_log":1,"minecraft:mangrove_propagule":1,"minecraft:muddy_mangrove_roots":1,"minecraft:gravel":1,"minecraft:crafting_table":1,"minecraft:mangrove_roots":2,"minecraft:oak_sapling":3,"alexsmobs:animal_dictionary":1,"minecraft:acacia_sapling":3},"minecraft:custom":{"minecraft:time_since_rest":3005,"minecraft:sprint_one_cm":55010,"minecraft:damage_taken":590,"minecraft:walk_one_cm":45315,"minecraft:mob_kills":6,"minecraft:drop":1,"minecraft:damage_dealt":600,"minecraft:interact_with_crafting_table":1,"minecraft:fly_one_cm":83999,"minecraft:crouch_one_cm":61,"minecraft:play_time":20067,"minecraft:deaths":2,"minecraft:sneak_time":27,"minecraft:walk_under_water_one_cm":121,"minecraft:jump":410,"minecraft:walk_on_water_one_cm":833,"minecraft:leave_game":2,"minecraft:time_since_death":2973,"minecraft:total_world_time":20067,"minecraft:climb_one_cm":957,"minecraft:fall_one_cm":17790}},"DataVersion":3465}