{"stats":{"minecraft:picked_up":{"minecraft:wooden_axe":1,"minecraft:coarse_dirt":1,"minecraft:crafting_table":1,"minecraft:muddy_mangrove_roots":1,"minecraft:andesite":2,"minecraft:wooden_pickaxe":1,"minecraft:oak_log":11,"minecraft:moss_carpet":1,"minecraft:raw_copper":32,"minecraft:bone":2,"minecraft:calcite":1,"minecraft:acacia_sapling":4,"minecraft:egg":5,"minecraft:raw_iron":7,"minecraft:stick":13,"minecraft:torch":1,"minecraft:acacia_log":8,"minecraft:gravel":1,"minecraft:porkchop":2,"minecraft:white_bed":1,"minecraft:rotten_flesh":2,"regions_unexplored:mauve_sapling":4,"regions_unexplored:mauve_log":10,"minecraft:mangrove_roots":2,"minecraft:oak_sapling":3,"minecraft:mutton":8,"minecraft:coal":35,"minecraft:mangrove_propagule":1,"minecraft:white_wool":5,"minecraft:cobblestone":10},"minecraft:custom":{"minecraft:mob_kills":10,"minecraft:interact_with_crafting_table":4,"minecraft:leave_game":4,"minecraft:time_since_death":6240,"minecraft:sleep_in_bed":2,"minecraft:climb_one_cm":957,"minecraft:time_since_rest":6266,"minecraft:sprint_one_cm":115963,"minecraft:damage_taken":1130,"minecraft:walk_one_cm":94629,"minecraft:drop":10,"minecraft:damage_dealt":1671,"minecraft:swim_one_cm":4811,"minecraft:fly_one_cm":199164,"minecraft:crouch_one_cm":3595,"minecraft:play_time":42897,"minecraft:deaths":4,"minecraft:sneak_time":1542,"minecraft:walk_under_water_one_cm":3977,"minecraft:jump":944,"minecraft:walk_on_water_one_cm":2827,"minecraft:total_world_time":42897,"minecraft:fall_one_cm":36043},"minecraft:used":{"minecraft:moss_carpet":1,"minecraft:acacia_log":1,"minecraft:stone_pickaxe":64,"minecraft:wooden_pickaxe":6,"minecraft:rotten_flesh":2,"minecraft:torch":17,"minecraft:mutton":3,"minecraft:crafting_table":1,"minecraft:white_bed":2,"regions_unexplored:mauve_sapling":4,"minecraft:acacia_sapling":4,"minecraft:wooden_axe":13,"minecraft:muddy_mangrove_roots":1,"minecraft:mangrove_propagule":1,"minecraft:gravel":1,"minecraft:stone_axe":35,"minecraft:mangrove_roots":2,"minecraft:oak_sapling":3,"alexsmobs:animal_dictionary":1},"minecraft:mined":{"minecraft:acacia_leaves":2,"minecraft:white_bed":1,"minecraft:mangrove_roots":2,"minecraft:crafting_table":1,"minecraft:acacia_log":8,"minecraft:calcite":1,"minecraft:tall_grass":1,"minecraft:copper_ore":9,"regions_unexplored:mauve_log":11,"minecraft:mangrove_propagule":1,"minecraft:wall_torch":1,"minecraft:coarse_dirt":1,"minecraft:iron_ore":7,"minecraft:andesite":2,"minecraft:muddy_mangrove_roots":1,"minecraft:grass":8,"minecraft:oak_log":12,"minecraft:coal_ore":38,"minecraft:gravel":1,"minecraft:stone":11},"minecraft:killed_by":{"minecraft:skeleton":1,"minecraft:zombie":1,"alexsmobs:kangaroo":1,"alexsmobs:capuchin_monkey":1},"minecraft:dropped":{"minecraft:coarse_dirt":1,"alexsmobs:animal_dictionary":1,"minecraft:raw_copper":3,"minecraft:crafting_table":1,"minecraft:andesite":1,"minecraft:wooden_axe":2,"minecraft:wooden_pickaxe":2,"minecraft:calcite":1},"minecraft:killed":{"minecraft:pig":1,"minecraft:sheep":5,"minecraft:skeleton":2,"minecraft:zombie":2},"minecraft:crafted":{"minecraft:oak_planks":40,"minecraft:crafting_table":2,"minecraft:wooden_pickaxe":1,"minecraft:stone_axe":1,"regions_unexplored:oak_branch":2,"minecraft:stick":8,"minecraft:stone_pickaxe":1,"minecraft:wooden_axe":1,"minecraft:white_bed":1,"minecraft:torch":48}},"DataVersion":3465}