{"stats":{"minecraft:mined":{"minecraft:oak_log":6,"minecraft:tall_grass":1,"minecraft:mangrove_roots":2,"minecraft:mangrove_propagule":1,"minecraft:muddy_mangrove_roots":1},"minecraft:dropped":{"alexsmobs:animal_dictionary":1},"minecraft:picked_up":{"minecraft:stick":2,"minecraft:muddy_mangrove_roots":1,"minecraft:oak_log":6,"minecraft:mangrove_roots":2,"minecraft:oak_sapling":3,"minecraft:mangrove_propagule":1,"minecraft:moss_carpet":1},"minecraft:used":{"minecraft:moss_carpet":1,"minecraft:mangrove_roots":2,"minecraft:oak_sapling":3,"minecraft:muddy_mangrove_roots":1,"minecraft:mangrove_propagule":1,"alexsmobs:animal_dictionary":1},"minecraft:custom":{"minecraft:time_since_rest":9267,"minecraft:crouch_one_cm":61,"minecraft:sprint_one_cm":21007,"minecraft:play_time":9267,"minecraft:damage_taken":90,"minecraft:walk_one_cm":11681,"minecraft:sneak_time":27,"minecraft:walk_under_water_one_cm":121,"minecraft:drop":1,"minecraft:jump":162,"minecraft:leave_game":1,"minecraft:walk_on_water_one_cm":202,"minecraft:time_since_death":9267,"minecraft:climb_one_cm":866,"minecraft:total_world_time":9267,"minecraft:fall_one_cm":6093,"minecraft:fly_one_cm":35181}},"DataVersion":3465}