{"stats":{"minecraft:crafted":{"minecraft:cooked_porkchop":1,"minecraft:crafting_table":1,"minecraft:stick":16,"minecraft:wooden_pickaxe":1,"minecraft:stone_pickaxe":1,"minecraft:furnace":1,"minecraft:acacia_planks":32,"minecraft:stone_axe":1,"minecraft:smoker":1,"minecraft:air":0,"minecraft:cooked_mutton":6},"minecraft:mined":{"minecraft:large_fern":3,"minecraft:acacia_leaves":1,"minecraft:smoker":1,"minecraft:crafting_table":4,"minecraft:grass":4,"minecraft:acacia_log":32,"minecraft:coal_ore":26,"regions_unexplored:medium_grass":1,"minecraft:stone":20,"minecraft:fern":11},"minecraft:killed":{"minecraft:sheep":4,"naturalist:rattlesnake":1,"minecraft:pig":5,"alexsmobs:gazelle":3,"minecraft:cow":4},"minecraft:dropped":{"alexsmobs:acacia_blossom":1,"spartanweaponry:stone_dagger":2,"minecraft:acacia_sapling":5,"minecraft:wooden_pickaxe":1},"minecraft:picked_up":{"minecraft:crafting_table":4,"minecraft:chicken":1,"minecraft:leather":7,"alexsmobs:acacia_blossom":1,"minecraft:acacia_log":32,"minecraft:smoker":1,"minecraft:porkchop":12,"alexsmobs:gazelle_horn":2,"minecraft:wheat_seeds":7,"minecraft:beef":6,"spartanweaponry:stone_dagger":2,"minecraft:mutton":7,"minecraft:acacia_sapling":9,"minecraft:coal":42,"minecraft:white_wool":4,"minecraft:cobblestone":20},"minecraft:used":{"minecraft:cooked_mutton":4,"spartanweaponry:stone_dagger":6,"minecraft:stone_pickaxe":44,"minecraft:wooden_pickaxe":3,"minecraft:stone_axe":56,"minecraft:crafting_table":4,"minecraft:cooked_porkchop":1,"minecraft:acacia_sapling":4,"minecraft:air":5,"minecraft:smoker":1},"minecraft:custom":{"minecraft:time_since_rest":39697,"minecraft:waystone_activated":1,"minecraft:sprint_one_cm":94855,"minecraft:damage_taken":120,"minecraft:walk_one_cm":24573,"minecraft:mob_kills":17,"minecraft:drop":5,"minecraft:damage_dealt":1590,"minecraft:swim_one_cm":10275,"minecraft:interact_with_crafting_table":6,"minecraft:fly_one_cm":236584,"minecraft:crouch_one_cm":36,"minecraft:play_time":39697,"minecraft:sneak_time":32,"minecraft:walk_under_water_one_cm":1118,"minecraft:jump":789,"minecraft:climb_one_cm":158,"minecraft:leave_game":3,"minecraft:time_since_death":39697,"minecraft:walk_on_water_one_cm":3271,"minecraft:total_world_time":39697,"minecraft:interact_with_smoker":3,"minecraft:fall_one_cm":31917}},"DataVersion":3465}