{"stats":{"minecraft:picked_up":{"minecraft:crafting_table":5,"minecraft:iron_chestplate":1,"minecraft:feather":4,"minecraft:cooked_beef":3,"minecraft:chicken":1,"minecraft:leather":10,"alexsmobs:acacia_blossom":1,"minecraft:smoker":2,"alexsmobs:gazelle_horn":2,"minecraft:bone":27,"minecraft:wheat_seeds":7,"minecraft:spruce_planks":4,"minecraft:beef":16,"regions_unexplored:redwood_sapling":12,"spartanweaponry:stone_dagger":3,"minecraft:acacia_sapling":9,"minecraft:iron_boots":1,"regions_unexplored:redwood_log":254,"minecraft:stick":10,"minecraft:dark_oak_slab":40,"minecraft:acacia_log":32,"minecraft:spruce_stairs":1,"minecraft:porkchop":12,"minecraft:sand":2,"minecraft:arrow":24,"minecraft:gray_wool":1,"minecraft:cobblestone":20,"minecraft:mutton":13,"minecraft:coal":65,"minecraft:white_wool":7},"minecraft:custom":{"minecraft:mob_kills":68,"minecraft:interact_with_crafting_table":7,"minecraft:open_barrel":12,"minecraft:leave_game":6,"minecraft:time_since_death":58058,"minecraft:climb_one_cm":683,"minecraft:damage_resisted":982,"minecraft:time_since_rest":58058,"minecraft:waystone_activated":1,"minecraft:sprint_one_cm":143396,"minecraft:damage_taken":160,"minecraft:walk_one_cm":49353,"minecraft:drop":20,"minecraft:damage_dealt":13663,"minecraft:swim_one_cm":41093,"minecraft:fly_one_cm":329472,"minecraft:open_chest":7,"minecraft:crouch_one_cm":37,"minecraft:play_time":58058,"minecraft:sneak_time":49,"minecraft:walk_under_water_one_cm":3800,"minecraft:boat_one_cm":76860,"minecraft:jump":1114,"minecraft:walk_on_water_one_cm":8014,"minecraft:interact_with_smoker":5,"minecraft:total_world_time":58058,"minecraft:fall_one_cm":42761},"minecraft:used":{"minecraft:cooked_mutton":6,"minecraft:acacia_boat":1,"minecraft:stone_pickaxe":50,"minecraft:chorus_fruit":1,"minecraft:wooden_pickaxe":3,"minecraft:iron_sword":11,"minecraft:sand":2,"minecraft:crafting_table":5,"minecraft:acacia_sapling":4,"minecraft:smoker":2,"spartanweaponry:stone_dagger":147,"minecraft:iron_axe":309,"minecraft:stone_axe":114,"minecraft:cooked_porkchop":1,"minecraft:air":7},"minecraft:mined":{"minecraft:acacia_leaves":1,"minecraft:spruce_planks":4,"minecraft:smoker":2,"minecraft:crafting_table":5,"minecraft:acacia_log":32,"minecraft:spawner":3,"minecraft:large_fern":3,"minecraft:spruce_stairs":1,"minecraft:dark_oak_slab":26,"minecraft:grass":4,"minecraft:coal_ore":26,"minecraft:sand":2,"regions_unexplored:medium_grass":1,"minecraft:stone":20,"regions_unexplored:redwood_log":333,"minecraft:fern":11},"minecraft:dropped":{"minecraft:iron_sword":1,"alexsmobs:acacia_blossom":1,"minecraft:dark_oak_slab":40,"spartanweaponry:stone_dagger":5,"regions_unexplored:redwood_sapling":12,"minecraft:acacia_log":20,"minecraft:spruce_stairs":1,"minecraft:gray_wool":1,"minecraft:gunpowder":4,"minecraft:iron_chestplate":1,"regions_unexplored:redwood_log":190,"minecraft:acacia_sapling":5,"minecraft:iron_leggings":1,"minecraft:wooden_pickaxe":1},"minecraft:broken":{"minecraft:stone_axe":1},"minecraft:killed":{"naturalist:rattlesnake":1,"minecraft:pig":5,"minecraft:spider":2,"minecraft:sheep":8,"minecraft:skeleton":32,"minecraft:zombie":2,"alexsmobs:gazelle":3,"minecraft:silverfish":7,"minecraft:cow":8},"minecraft:crafted":{"minecraft:cooked_beef":3,"minecraft:cooked_porkchop":1,"minecraft:crafting_table":1,"minecraft:wooden_pickaxe":1,"minecraft:furnace":1,"minecraft:stone_axe":1,"minecraft:acacia_boat":1,"minecraft:cooked_mutton":6,"minecraft:air":0,"minecraft:stick":16,"minecraft:stone_pickaxe":1,"minecraft:acacia_planks":32,"minecraft:smoker":1}},"DataVersion":3465}