{"stats":{"minecraft:picked_up":{"minecraft:iron_chestplate":1,"minecraft:crafting_table":6,"minecraft:chicken":2,"regions_unexplored:blue_bioshroom":10,"alexsmobs:gazelle_horn":2,"minecraft:string":8,"minecraft:moss_carpet":43,"regions_unexplored:duskmelon_slice":2,"minecraft:spruce_planks":4,"minecraft:beef":21,"minecraft:jungle_sapling":1,"minecraft:azalea":15,"minecraft:iron_nugget":11,"minecraft:sugar_cane":39,"spartanweaponry:stone_dagger":3,"minecraft:egg":11,"regions_unexplored:redwood_log":318,"minecraft:iron_boots":1,"minecraft:dark_oak_sapling":2,"minecraft:stick":34,"regions_unexplored:corpse_flower":18,"minecraft:big_dripleaf":7,"minecraft:acacia_log":32,"minecraft:spruce_stairs":1,"minecraft:fire_charge":1,"minecraft:porkchop":23,"ironchest:gold_chest":2,"minecraft:redstone":23,"regions_unexplored:dusktrap":4,"minecraft:arrow":48,"minecraft:rotten_flesh":12,"artifacts:cowboy_hat":1,"regions_unexplored:green_bioshroom":1,"minecraft:gold_ingot":11,"minecraft:glow_berries":22,"minecraft:mutton":24,"minecraft:obsidian":2,"minecraft:white_wool":9,"alexsmobs:flying_fish":7,"minecraft:cobblestone":146,"regions_unexplored:peat_dirt":23,"minecraft:feather":4,"minecraft:cooked_beef":4,"minecraft:glow_ink_sac":9,"minecraft:leather":20,"alexsmobs:acacia_blossom":1,"minecraft:smoker":3,"minecraft:flint":12,"artifacts:superstitious_hat":1,"minecraft:cobblestone_stairs":2,"minecraft:gunpowder":66,"minecraft:acacia_boat":2,"minecraft:blue_bed":1,"artifacts:pickaxe_heater":1,"minecraft:dirt":2772,"minecraft:bone":54,"minecraft:acacia_planks":12,"minecraft:apple":1,"minecraft:kelp":16,"minecraft:wheat_seeds":56,"minecraft:iron_ingot":27,"regions_unexplored:redwood_sapling":12,"minecraft:stone_pickaxe":1,"regions_unexplored:pink_bioshroom":1,"regions_unexplored:blackwood_shrub":1,"regions_unexplored:dropleaf":4,"minecraft:acacia_sapling":9,"minecraft:oak_planks":2,"minecraft:flowering_azalea":8,"minecraft:book":122,"minecraft:dark_oak_slab":40,"regions_unexplored:tall_blue_bioshroom":1,"minecraft:gravel":2,"minecraft:sand":2,"minecraft:spruce_sapling":1,"minecraft:ink_sac":3,"minecraft:dark_oak_log":35,"minecraft:mossy_cobblestone":2,"artifacts:helium_flamingo":1,"minecraft:diamond":6,"regions_unexplored:blackwood_sapling":2,"minecraft:bone_meal":1,"minecraft:golden_apple":1,"minecraft:gray_wool":1,"minecraft:oak_sapling":3,"minecraft:chorus_fruit":1,"minecraft:coal":104,"minecraft:mangrove_propagule":1,"minecraft:ender_pearl":7},"minecraft:used":{"minecraft:iron_shovel":250,"minecraft:chest":1,"minecraft:iron_sword":26,"minecraft:dirt":136,"minecraft:acacia_sapling":4,"spartanweaponry:stone_dagger":147,"minecraft:netherite_shovel":2032,"minecraft:iron_axe":331,"minecraft:iron_helmet":1,"ironchest:gold_chest":4,"minecraft:cooked_beef":3,"minecraft:cooked_mutton":6,"minecraft:water_bucket":5,"minecraft:acacia_boat":2,"minecraft:chorus_fruit":1,"minecraft:stone_pickaxe":52,"minecraft:oak_planks":2,"minecraft:wooden_pickaxe":3,"minecraft:sugar_cane":8,"minecraft:sand":2,"minecraft:crafting_table":6,"minecraft:smoker":3,"minecraft:diamond_pickaxe":125,"minecraft:diamond_shovel":495,"minecraft:stone_axe":114,"minecraft:cooked_porkchop":1,"minecraft:bucket":5,"minecraft:air":7},"minecraft:custom":{"minecraft:mob_kills":76,"minecraft:interact_with_crafting_table":13,"minecraft:open_barrel":12,"minecraft:leave_game":6,"minecraft:time_since_death":82058,"minecraft:climb_one_cm":12430,"minecraft:damage_resisted":1085,"minecraft:sprint_one_cm":294288,"minecraft:walk_one_cm":162851,"minecraft:drop":26,"minecraft:play_time":82058,"minecraft:sneak_time":165,"minecraft:walk_under_water_one_cm":3800,"minecraft:boat_one_cm":95040,"minecraft:jump":1433,"minecraft:walk_on_water_one_cm":12840,"minecraft:total_world_time":82058,"minecraft:interact_with_furnace":1,"minecraft:time_since_rest":82058,"minecraft:waystone_activated":2,"minecraft:damage_taken":160,"minecraft:damage_dealt":14903,"minecraft:swim_one_cm":41093,"minecraft:fly_one_cm":504423,"minecraft:open_chest":23,"minecraft:crouch_one_cm":348,"minecraft:interact_with_smoker":6,"minecraft:fall_one_cm":49565},"minecraft:mined":{"minecraft:spruce_planks":4,"minecraft:acacia_log":32,"minecraft:grass_block":2092,"minecraft:spawner":3,"minecraft:large_fern":3,"ironchest:gold_chest":2,"minecraft:bookshelf":20,"regions_unexplored:medium_grass":1,"minecraft:stone":145,"regions_unexplored:redwood_log":333,"minecraft:acacia_leaves":1,"minecraft:smoker":2,"minecraft:crafting_table":5,"minecraft:oak_planks":2,"minecraft:sugar_cane":21,"minecraft:spruce_stairs":1,"minecraft:seagrass":3,"minecraft:dark_oak_slab":26,"minecraft:grass":7,"minecraft:coal_ore":26,"minecraft:sand":2,"minecraft:dirt":684,"minecraft:oak_leaves":4,"minecraft:fern":11},"minecraft:dropped":{"minecraft:iron_sword":1,"minecraft:cooked_beef":1,"spartanweaponry:stone_dagger":5,"minecraft:dark_oak_slab":40,"minecraft:book":2,"regions_unexplored:redwood_sapling":12,"minecraft:spruce_stairs":1,"minecraft:acacia_log":20,"minecraft:gray_wool":1,"regions_unexplored:redwood_log":190,"minecraft:iron_leggings":1,"minecraft:string":2,"alexsmobs:acacia_blossom":1,"minecraft:rotten_flesh":4,"minecraft:gunpowder":4,"minecraft:iron_chestplate":1,"minecraft:acacia_sapling":5,"minecraft:wooden_pickaxe":1,"minecraft:stone_pickaxe":1},"minecraft:broken":{"minecraft:iron_shovel":1,"minecraft:stone_axe":1,"minecraft:netherite_shovel":1},"minecraft:killed":{"naturalist:rattlesnake":1,"minecraft:spider":3,"minecraft:skeleton":32,"minecraft:silverfish":7,"minecraft:pig":5,"minecraft:creeper":1,"minecraft:sheep":9,"minecraft:zombie":6,"alexsmobs:gazelle":3,"minecraft:cow":8},"minecraft:crafted":{"minecraft:furnace":1,"minecraft:cooked_mutton":6,"minecraft:stone_pickaxe":1,"minecraft:chest":1,"minecraft:smoker":1,"minecraft:cooked_beef":3,"minecraft:cooked_porkchop":1,"minecraft:diamond_axe":1,"minecraft:crafting_table":1,"minecraft:wooden_pickaxe":1,"minecraft:iron_helmet":1,"minecraft:bucket":1,"minecraft:stone_axe":1,"minecraft:acacia_boat":1,"minecraft:air":0,"minecraft:iron_chestplate":1,"minecraft:diamond_pickaxe":1,"minecraft:stick":16,"minecraft:iron_pickaxe":1,"minecraft:iron_shovel":1,"minecraft:iron_leggings":1,"minecraft:acacia_planks":32}},"DataVersion":3465}