{"stats":{"minecraft:crafted":{"minecraft:cooked_porkchop":1,"minecraft:crafting_table":1,"minecraft:stick":16,"minecraft:wooden_pickaxe":1,"minecraft:stone_pickaxe":1,"minecraft:furnace":1,"minecraft:acacia_planks":32,"minecraft:stone_axe":1,"minecraft:air":0,"minecraft:cooked_mutton":6,"minecraft:smoker":1},"minecraft:mined":{"minecraft:large_fern":3,"minecraft:acacia_leaves":1,"minecraft:smoker":1,"minecraft:crafting_table":4,"minecraft:grass":3,"minecraft:acacia_log":32,"minecraft:coal_ore":26,"regions_unexplored:medium_grass":1,"minecraft:stone":20,"minecraft:fern":10},"minecraft:killed":{"minecraft:sheep":3,"minecraft:pig":5,"alexsmobs:gazelle":3,"minecraft:cow":4},"minecraft:dropped":{"alexsmobs:acacia_blossom":1,"minecraft:acacia_sapling":5,"minecraft:wooden_pickaxe":1},"minecraft:picked_up":{"minecraft:crafting_table":4,"minecraft:leather":7,"minecraft:smoker":1,"alexsmobs:acacia_blossom":1,"minecraft:acacia_log":32,"minecraft:porkchop":12,"alexsmobs:gazelle_horn":2,"minecraft:wheat_seeds":7,"minecraft:beef":6,"minecraft:mutton":6,"minecraft:acacia_sapling":9,"minecraft:coal":42,"minecraft:white_wool":3,"minecraft:cobblestone":20},"minecraft:used":{"minecraft:cooked_mutton":3,"minecraft:stone_pickaxe":44,"minecraft:wooden_pickaxe":3,"minecraft:stone_axe":56,"minecraft:crafting_table":4,"minecraft:acacia_sapling":4,"minecraft:smoker":1},"minecraft:custom":{"minecraft:time_since_rest":17937,"minecraft:waystone_activated":1,"minecraft:sprint_one_cm":55263,"minecraft:damage_taken":30,"minecraft:walk_one_cm":17395,"minecraft:mob_kills":15,"minecraft:drop":3,"minecraft:damage_dealt":1390,"minecraft:interact_with_crafting_table":6,"minecraft:swim_one_cm":4979,"minecraft:fly_one_cm":123109,"minecraft:play_time":17937,"minecraft:sneak_time":16,"minecraft:walk_under_water_one_cm":753,"minecraft:jump":430,"minecraft:leave_game":2,"minecraft:time_since_death":17937,"minecraft:walk_on_water_one_cm":2571,"minecraft:interact_with_smoker":3,"minecraft:total_world_time":17937,"minecraft:fall_one_cm":17891}},"DataVersion":3465}