{"stats":{"minecraft:picked_up":{"minecraft:crafting_table":6,"minecraft:iron_chestplate":1,"minecraft:feather":4,"minecraft:cooked_beef":4,"minecraft:chicken":2,"minecraft:leather":20,"alexsmobs:acacia_blossom":1,"minecraft:smoker":3,"minecraft:flint":12,"minecraft:gunpowder":66,"minecraft:acacia_boat":2,"alexsmobs:gazelle_horn":2,"minecraft:string":6,"minecraft:bone":54,"minecraft:acacia_planks":12,"minecraft:wheat_seeds":7,"minecraft:spruce_planks":4,"minecraft:iron_ingot":27,"minecraft:stone_pickaxe":1,"minecraft:beef":21,"regions_unexplored:redwood_sapling":12,"minecraft:iron_nugget":11,"minecraft:sugar_cane":8,"minecraft:oak_planks":2,"spartanweaponry:stone_dagger":3,"minecraft:acacia_sapling":9,"minecraft:iron_boots":1,"regions_unexplored:redwood_log":318,"minecraft:book":122,"minecraft:stick":30,"minecraft:dark_oak_slab":40,"minecraft:acacia_log":32,"minecraft:spruce_stairs":1,"minecraft:fire_charge":1,"minecraft:porkchop":23,"minecraft:sand":2,"ironchest:gold_chest":2,"minecraft:arrow":48,"minecraft:rotten_flesh":12,"minecraft:diamond":6,"minecraft:golden_apple":1,"minecraft:gray_wool":1,"minecraft:gold_ingot":11,"minecraft:obsidian":2,"minecraft:oak_sapling":2,"minecraft:chorus_fruit":1,"minecraft:cobblestone":20,"minecraft:mutton":24,"minecraft:coal":104,"minecraft:white_wool":9,"minecraft:ender_pearl":7},"minecraft:custom":{"minecraft:mob_kills":75,"minecraft:interact_with_crafting_table":11,"minecraft:open_barrel":12,"minecraft:leave_game":6,"minecraft:time_since_death":70058,"minecraft:climb_one_cm":12430,"minecraft:damage_resisted":1085,"minecraft:time_since_rest":70058,"minecraft:waystone_activated":2,"minecraft:sprint_one_cm":174754,"minecraft:damage_taken":160,"minecraft:walk_one_cm":65573,"minecraft:drop":26,"minecraft:damage_dealt":14863,"minecraft:swim_one_cm":41093,"minecraft:fly_one_cm":482267,"minecraft:open_chest":12,"minecraft:crouch_one_cm":48,"minecraft:play_time":70058,"minecraft:sneak_time":69,"minecraft:walk_under_water_one_cm":3800,"minecraft:boat_one_cm":95040,"minecraft:jump":1342,"minecraft:walk_on_water_one_cm":8635,"minecraft:interact_with_smoker":6,"minecraft:total_world_time":70058,"minecraft:fall_one_cm":49565},"minecraft:used":{"minecraft:cooked_mutton":6,"minecraft:acacia_boat":2,"minecraft:stone_pickaxe":52,"minecraft:chorus_fruit":1,"minecraft:oak_planks":2,"minecraft:chest":1,"minecraft:wooden_pickaxe":3,"minecraft:iron_sword":26,"minecraft:sugar_cane":8,"minecraft:sand":2,"minecraft:crafting_table":6,"minecraft:acacia_sapling":4,"minecraft:smoker":3,"spartanweaponry:stone_dagger":147,"minecraft:iron_axe":331,"minecraft:iron_helmet":1,"minecraft:stone_axe":114,"minecraft:cooked_porkchop":1,"ironchest:gold_chest":2,"minecraft:cooked_beef":1,"minecraft:air":7},"minecraft:mined":{"minecraft:acacia_leaves":1,"minecraft:spruce_planks":4,"minecraft:smoker":2,"minecraft:crafting_table":5,"minecraft:acacia_log":32,"minecraft:sugar_cane":5,"minecraft:oak_planks":2,"minecraft:spawner":3,"minecraft:large_fern":3,"minecraft:spruce_stairs":1,"minecraft:dark_oak_slab":26,"ironchest:gold_chest":2,"minecraft:grass":5,"minecraft:bookshelf":20,"minecraft:coal_ore":26,"minecraft:sand":2,"regions_unexplored:medium_grass":1,"minecraft:stone":20,"regions_unexplored:redwood_log":333,"minecraft:oak_leaves":4,"minecraft:fern":11},"minecraft:dropped":{"minecraft:iron_sword":1,"alexsmobs:acacia_blossom":1,"minecraft:cooked_beef":1,"minecraft:dark_oak_slab":40,"spartanweaponry:stone_dagger":5,"minecraft:rotten_flesh":4,"minecraft:book":2,"regions_unexplored:redwood_sapling":12,"minecraft:acacia_log":20,"minecraft:spruce_stairs":1,"minecraft:gray_wool":1,"minecraft:gunpowder":4,"minecraft:iron_chestplate":1,"regions_unexplored:redwood_log":190,"minecraft:acacia_sapling":5,"minecraft:iron_leggings":1,"minecraft:stone_pickaxe":1,"minecraft:wooden_pickaxe":1,"minecraft:string":2},"minecraft:broken":{"minecraft:stone_axe":1},"minecraft:killed":{"naturalist:rattlesnake":1,"minecraft:pig":5,"minecraft:spider":3,"minecraft:creeper":1,"minecraft:sheep":9,"minecraft:skeleton":32,"minecraft:zombie":6,"alexsmobs:gazelle":3,"minecraft:silverfish":7,"minecraft:cow":8},"minecraft:crafted":{"minecraft:cooked_beef":3,"minecraft:cooked_porkchop":1,"minecraft:diamond_axe":1,"minecraft:crafting_table":1,"minecraft:iron_helmet":1,"minecraft:wooden_pickaxe":1,"minecraft:furnace":1,"minecraft:stone_axe":1,"minecraft:acacia_boat":1,"minecraft:cooked_mutton":6,"minecraft:air":0,"minecraft:iron_chestplate":1,"minecraft:diamond_pickaxe":1,"minecraft:stick":16,"minecraft:iron_pickaxe":1,"minecraft:stone_pickaxe":1,"minecraft:iron_leggings":1,"minecraft:chest":1,"minecraft:acacia_planks":32,"minecraft:smoker":1}},"DataVersion":3465}