{"stats":{"minecraft:custom":{"minecraft:interact_with_anvil":1,"minecraft:mob_kills":109,"minecraft:interact_with_crafting_table":22,"minecraft:open_barrel":17,"minecraft:leave_game":7,"minecraft:time_since_death":199043,"minecraft:climb_one_cm":31864,"minecraft:damage_resisted":1085,"minecraft:sprint_one_cm":739803,"minecraft:walk_one_cm":563893,"minecraft:damage_blocked_by_shield":1863,"minecraft:drop":72,"minecraft:play_time":199043,"minecraft:sneak_time":8149,"minecraft:walk_under_water_one_cm":23397,"minecraft:boat_one_cm":95040,"minecraft:jump":2416,"minecraft:walk_on_water_one_cm":36600,"minecraft:total_world_time":199043,"minecraft:interact_with_furnace":1,"minecraft:sleep_in_bed":4,"minecraft:waystone_activated":2,"minecraft:time_since_rest":59604,"minecraft:damage_taken":1070,"minecraft:damage_dealt":20413,"minecraft:swim_one_cm":47298,"minecraft:fly_one_cm":840725,"minecraft:open_chest":121,"minecraft:crouch_one_cm":43454,"minecraft:interact_with_smoker":11,"minecraft:fall_one_cm":62513},"minecraft:dropped":{"minecraft:enchanted_book":2,"minecraft:iron_ingot":8,"minecraft:iron_sword":1,"minecraft:cooked_beef":1,"spartanweaponry:stone_dagger":5,"minecraft:dark_oak_slab":40,"minecraft:cobblestone":128,"minecraft:book":2,"minecraft:cracked_stone_bricks":14,"regions_unexplored:redwood_sapling":12,"minecraft:spruce_stairs":1,"minecraft:acacia_log":20,"minecraft:golden_apple":5,"minecraft:stick":4,"minecraft:cobblestone_stairs":272,"artifacts:night_vision_goggles":1,"minecraft:dirt":6,"minecraft:gray_wool":1,"minecraft:torch":7,"regions_unexplored:redwood_log":190,"artifacts:charm_of_sinking":1,"minecraft:iron_leggings":1,"minecraft:paper":128,"minecraft:string":2,"alexsmobs:acacia_blossom":2,"minecraft:cobbled_deepslate":89,"minecraft:tuff":18,"minecraft:rotten_flesh":6,"minecraft:iron_hoe":1,"minecraft:name_tag":2,"minecraft:carrot":64,"minecraft:potato":64,"minecraft:gunpowder":6,"artifacts:umbrella":1,"artifacts:helium_flamingo":3,"minecraft:iron_chestplate":1,"minecraft:mossy_stone_bricks":14,"minecraft:acacia_sapling":5,"minecraft:stone_bricks":34,"minecraft:arrow":2,"minecraft:wooden_pickaxe":1,"minecraft:stone_pickaxe":1},"minecraft:crafted":{"minecraft:cobblestone_slab":6,"regions_unexplored:redwood_slab":126,"minecraft:furnace":1,"minecraft:cobblestone_stairs":244,"minecraft:cooked_mutton":6,"minecraft:ladder":108,"minecraft:iron_hoe":1,"minecraft:stone_pickaxe":1,"minecraft:chest":1,"minecraft:dark_oak_planks":140,"minecraft:smoker":1,"minecraft:cooked_beef":8,"minecraft:cooked_porkchop":3,"minecraft:diamond_axe":1,"minecraft:crafting_table":1,"minecraft:iron_helmet":1,"minecraft:wooden_pickaxe":1,"minecraft:bucket":1,"minecraft:stone_axe":1,"minecraft:acacia_boat":1,"minecraft:air":0,"regions_unexplored:redwood_planks":256,"minecraft:iron_chestplate":1,"minecraft:diamond_pickaxe":1,"minecraft:stick":272,"minecraft:iron_ingot":1,"minecraft:iron_pickaxe":1,"minecraft:iron_shovel":1,"minecraft:iron_leggings":1,"minecraft:acacia_planks":32},"minecraft:picked_up":{"minecraft:iron_chestplate":1,"minecraft:crafting_table":6,"minecraft:wheat":620,"minecraft:chicken":2,"minecraft:lead":2,"minecraft:wooden_pickaxe":1,"minecraft:enchanted_book":2,"regions_unexplored:blue_bioshroom":10,"alexsmobs:gazelle_horn":2,"minecraft:string":13,"minecraft:moss_carpet":43,"minecraft:raw_copper":64,"minecraft:wooden_sword":1,"minecraft:cracked_stone_bricks":20,"regions_unexplored:duskmelon_slice":2,"minecraft:cobbled_deepslate":528,"minecraft:bucket":1,"minecraft:spruce_planks":4,"minecraft:cobblestone_slab":2,"minecraft:beef":24,"regions_unexplored:redwood_planks":193,"minecraft:jungle_sapling":1,"minecraft:azalea":15,"minecraft:iron_nugget":13,"minecraft:enchanted_golden_apple":2,"regions_unexplored:redwood_slab":10,"minecraft:sugar_cane":772,"minecraft:chest":1,"spartanweaponry:stone_dagger":3,"minecraft:egg":58,"regions_unexplored:redwood_log":318,"minecraft:iron_boots":1,"minecraft:dark_oak_sapling":2,"minecraft:stick":34,"regions_unexplored:corpse_flower":18,"artifacts:charm_of_sinking":1,"minecraft:copper_ingot":42,"minecraft:big_dripleaf":7,"minecraft:oak_fence":1,"minecraft:torch":6,"minecraft:acacia_log":32,"minecraft:spruce_stairs":1,"minecraft:fire_charge":1,"minecraft:porkchop":41,"ironchest:gold_chest":2,"minecraft:carrot":1173,"minecraft:redstone":78,"minecraft:dark_oak_planks":238,"regions_unexplored:dusktrap":8,"minecraft:arrow":72,"minecraft:rotten_flesh":16,"artifacts:cowboy_hat":1,"regions_unexplored:redstone_bulb":5,"regions_unexplored:green_bioshroom":1,"minecraft:gold_ingot":11,"minecraft:glow_berries":22,"minecraft:obsidian":2,"minecraft:mutton":26,"minecraft:white_wool":9,"alexsmobs:flying_fish":17,"minecraft:cobblestone":881,"regions_unexplored:peat_dirt":23,"minecraft:feather":4,"minecraft:cooked_beef":4,"spartanweaponry:handle":3,"minecraft:glow_ink_sac":9,"minecraft:leather":22,"alexsmobs:acacia_blossom":2,"minecraft:smoker":4,"minecraft:potato":1688,"minecraft:flint":20,"minecraft:tuff":88,"artifacts:superstitious_hat":1,"minecraft:paper":216,"minecraft:cobblestone_stairs":144,"minecraft:gunpowder":74,"minecraft:acacia_boat":2,"artifacts:pickaxe_heater":1,"minecraft:blue_bed":1,"minecraft:dirt":2894,"minecraft:lantern":1,"minecraft:name_tag":4,"minecraft:bone":110,"minecraft:acacia_planks":12,"minecraft:apple":1,"minecraft:stone_bricks":34,"minecraft:kelp":22,"minecraft:wheat_seeds":2821,"alexsmobs:cockroach_wing_fragment":1,"minecraft:iron_ingot":65,"regions_unexplored:redwood_sapling":12,"minecraft:stone_pickaxe":1,"regions_unexplored:pink_bioshroom":1,"minecraft:mossy_stone_bricks":14,"regions_unexplored:blackwood_shrub":1,"regions_unexplored:dropleaf":4,"minecraft:flowering_azalea":8,"minecraft:oak_planks":2,"minecraft:acacia_sapling":9,"minecraft:book":122,"minecraft:dark_oak_slab":40,"regions_unexplored:tall_blue_bioshroom":1,"minecraft:poisonous_potato":11,"minecraft:gravel":26,"minecraft:sand":6,"minecraft:spruce_sapling":1,"minecraft:ink_sac":3,"minecraft:dark_oak_log":52,"minecraft:spider_eye":4,"minecraft:mossy_cobblestone":2,"securitycraft:universal_block_remover":1,"artifacts:helium_flamingo":4,"minecraft:iron_hoe":1,"minecraft:diamond":6,"regions_unexplored:blackwood_sapling":2,"minecraft:bone_meal":1,"minecraft:golden_apple":11,"minecraft:gray_wool":1,"minecraft:emerald":8,"minecraft:bread":64,"minecraft:oak_sapling":3,"minecraft:chorus_fruit":1,"minecraft:mangrove_propagule":1,"minecraft:coal":249,"minecraft:ender_pearl":7},"minecraft:mined":{"minecraft:tuff":44,"minecraft:spruce_planks":4,"minecraft:farmland":1,"minecraft:cobblestone_stairs":6,"regions_unexplored:redwood_slab":2,"minecraft:acacia_log":32,"minecraft:grass_block":2124,"minecraft:kelp":6,"minecraft:spawner":5,"minecraft:large_fern":3,"minecraft:tall_seagrass":2,"minecraft:carrots":298,"minecraft:iron_ore":2,"ironchest:gold_chest":2,"minecraft:bookshelf":20,"minecraft:potatoes":433,"minecraft:cobblestone_slab":2,"minecraft:deepslate_iron_ore":13,"regions_unexplored:medium_grass":2,"minecraft:stone":798,"regions_unexplored:redwood_log":333,"minecraft:acacia_leaves":1,"minecraft:smoker":3,"minecraft:oak_fence":1,"minecraft:crafting_table":5,"minecraft:torch":2,"minecraft:chest":1,"minecraft:cobblestone":18,"minecraft:copper_ore":13,"minecraft:glass":4,"minecraft:sugar_cane":407,"minecraft:oak_planks":2,"minecraft:seagrass":5,"minecraft:spruce_stairs":1,"minecraft:dark_oak_slab":26,"minecraft:wheat":618,"minecraft:grass":7,"minecraft:coal_ore":49,"minecraft:gravel":16,"minecraft:sand":6,"minecraft:dirt":711,"minecraft:cracked_stone_bricks":12,"minecraft:stone_bricks":20,"minecraft:mossy_stone_bricks":9,"minecraft:deepslate":300,"minecraft:oak_leaves":4,"minecraft:fern":11},"minecraft:used":{"minecraft:iron_shovel":250,"minecraft:spruce_slab":45,"minecraft:ladder":36,"minecraft:oak_sign":4,"minecraft:chest":1,"minecraft:iron_sword":111,"minecraft:torch":102,"minecraft:dirt":639,"artifacts:umbrella":62,"minecraft:carrot":413,"minecraft:acacia_sapling":4,"minecraft:spruce_fence":81,"minecraft:iron_hoe":252,"minecraft:glass":175,"spartanweaponry:stone_dagger":147,"minecraft:netherite_shovel":2032,"minecraft:lantern":32,"minecraft:iron_axe":331,"minecraft:grass_block":69,"minecraft:netherite_hoe":420,"minecraft:iron_helmet":1,"regions_unexplored:redwood_slab":56,"ironchest:gold_chest":10,"minecraft:cooked_beef":6,"minecraft:potato":579,"minecraft:wheat_seeds":1243,"minecraft:cooked_mutton":6,"minecraft:acacia_boat":2,"minecraft:water_bucket":31,"minecraft:cobblestone_stairs":114,"minecraft:chorus_fruit":1,"minecraft:stone_pickaxe":52,"minecraft:oak_planks":2,"minecraft:cobblestone_slab":3,"minecraft:wooden_pickaxe":3,"artifacts:eternal_steak":9,"minecraft:sugar_cane":113,"minecraft:diamond_axe":5,"minecraft:sand":2,"minecraft:crafting_table":6,"minecraft:smoker":4,"alexsmobs:flying_fish":1,"minecraft:oak_log":95,"minecraft:diamond_pickaxe":1246,"minecraft:diamond_shovel":551,"minecraft:bread":2,"minecraft:stone_axe":114,"minecraft:cobblestone":1116,"minecraft:cooked_porkchop":3,"minecraft:bucket":26,"minecraft:air":7},"minecraft:killed":{"naturalist:rattlesnake":1,"minecraft:spider":6,"minecraft:skeleton":55,"minecraft:silverfish":7,"minecraft:pig":5,"minecraft:creeper":5,"minecraft:sheep":9,"minecraft:zombie":8,"alexsmobs:gazelle":3,"minecraft:cow":9},"minecraft:broken":{"minecraft:iron_shovel":1,"minecraft:stone_axe":1,"minecraft:netherite_shovel":1,"minecraft:iron_hoe":1}},"DataVersion":3465}