{"stats":{"minecraft:picked_up":{"minecraft:iron_chestplate":1,"minecraft:crafting_table":6,"minecraft:wheat":299,"minecraft:chicken":2,"regions_unexplored:blue_bioshroom":10,"alexsmobs:gazelle_horn":2,"minecraft:string":8,"minecraft:moss_carpet":43,"regions_unexplored:duskmelon_slice":2,"minecraft:spruce_planks":4,"minecraft:beef":21,"minecraft:jungle_sapling":1,"minecraft:azalea":15,"minecraft:iron_nugget":11,"regions_unexplored:redwood_slab":2,"minecraft:sugar_cane":327,"spartanweaponry:stone_dagger":3,"minecraft:egg":43,"regions_unexplored:redwood_log":318,"minecraft:iron_boots":1,"minecraft:dark_oak_sapling":2,"minecraft:stick":34,"regions_unexplored:corpse_flower":18,"minecraft:big_dripleaf":7,"minecraft:oak_fence":1,"minecraft:torch":2,"minecraft:acacia_log":32,"minecraft:spruce_stairs":1,"minecraft:fire_charge":1,"minecraft:porkchop":23,"ironchest:gold_chest":2,"minecraft:carrot":1173,"minecraft:redstone":39,"regions_unexplored:dusktrap":4,"minecraft:arrow":48,"minecraft:rotten_flesh":12,"artifacts:cowboy_hat":1,"regions_unexplored:redstone_bulb":5,"regions_unexplored:green_bioshroom":1,"minecraft:gold_ingot":11,"minecraft:glow_berries":22,"minecraft:mutton":24,"minecraft:obsidian":2,"minecraft:white_wool":9,"alexsmobs:flying_fish":12,"minecraft:cobblestone":146,"regions_unexplored:peat_dirt":23,"minecraft:feather":4,"minecraft:cooked_beef":4,"minecraft:glow_ink_sac":9,"minecraft:leather":20,"alexsmobs:acacia_blossom":1,"minecraft:smoker":3,"minecraft:potato":1688,"minecraft:flint":12,"artifacts:superstitious_hat":1,"minecraft:cobblestone_stairs":2,"minecraft:gunpowder":66,"minecraft:acacia_boat":2,"minecraft:blue_bed":1,"artifacts:pickaxe_heater":1,"minecraft:dirt":2798,"minecraft:lantern":1,"minecraft:bone":54,"minecraft:acacia_planks":12,"minecraft:apple":1,"minecraft:kelp":22,"minecraft:wheat_seeds":848,"alexsmobs:cockroach_wing_fragment":1,"minecraft:iron_ingot":28,"regions_unexplored:redwood_sapling":12,"minecraft:stone_pickaxe":1,"regions_unexplored:pink_bioshroom":1,"regions_unexplored:blackwood_shrub":1,"regions_unexplored:dropleaf":4,"minecraft:acacia_sapling":9,"minecraft:oak_planks":2,"minecraft:flowering_azalea":8,"minecraft:book":122,"minecraft:dark_oak_slab":40,"regions_unexplored:tall_blue_bioshroom":1,"minecraft:poisonous_potato":11,"minecraft:gravel":2,"minecraft:sand":6,"minecraft:spruce_sapling":1,"minecraft:ink_sac":3,"minecraft:dark_oak_log":35,"minecraft:mossy_cobblestone":2,"minecraft:iron_hoe":1,"securitycraft:universal_block_remover":1,"artifacts:helium_flamingo":3,"minecraft:diamond":6,"regions_unexplored:blackwood_sapling":2,"minecraft:bone_meal":1,"minecraft:golden_apple":1,"minecraft:gray_wool":1,"minecraft:oak_sapling":3,"minecraft:chorus_fruit":1,"minecraft:coal":104,"minecraft:mangrove_propagule":1,"minecraft:ender_pearl":7},"minecraft:used":{"minecraft:iron_shovel":250,"minecraft:spruce_slab":45,"minecraft:oak_sign":4,"minecraft:chest":1,"minecraft:iron_sword":26,"minecraft:torch":1,"minecraft:dirt":432,"minecraft:carrot":413,"minecraft:acacia_sapling":4,"minecraft:spruce_fence":81,"minecraft:iron_hoe":252,"minecraft:glass":175,"spartanweaponry:stone_dagger":147,"minecraft:netherite_shovel":2032,"minecraft:lantern":32,"minecraft:grass_block":69,"minecraft:iron_axe":331,"minecraft:netherite_hoe":420,"minecraft:iron_helmet":1,"regions_unexplored:redwood_slab":56,"ironchest:gold_chest":9,"minecraft:potato":579,"minecraft:cooked_beef":6,"minecraft:wheat_seeds":618,"minecraft:cooked_mutton":6,"minecraft:water_bucket":25,"minecraft:acacia_boat":2,"minecraft:chorus_fruit":1,"minecraft:stone_pickaxe":52,"minecraft:oak_planks":2,"minecraft:wooden_pickaxe":3,"minecraft:diamond_axe":4,"minecraft:sugar_cane":111,"minecraft:sand":2,"minecraft:crafting_table":6,"minecraft:smoker":3,"minecraft:oak_log":95,"minecraft:diamond_pickaxe":125,"minecraft:diamond_shovel":519,"minecraft:stone_axe":114,"minecraft:cooked_porkchop":1,"minecraft:bucket":24,"minecraft:air":7},"minecraft:custom":{"minecraft:mob_kills":76,"minecraft:interact_with_crafting_table":19,"minecraft:open_barrel":12,"minecraft:leave_game":6,"minecraft:time_since_death":130058,"minecraft:climb_one_cm":12430,"minecraft:damage_resisted":1085,"minecraft:sprint_one_cm":480013,"minecraft:walk_one_cm":335320,"minecraft:drop":33,"minecraft:play_time":130058,"minecraft:sneak_time":2471,"minecraft:walk_under_water_one_cm":21073,"minecraft:boat_one_cm":95040,"minecraft:jump":1625,"minecraft:walk_on_water_one_cm":33759,"minecraft:total_world_time":130058,"minecraft:interact_with_furnace":1,"minecraft:sleep_in_bed":3,"minecraft:time_since_rest":30931,"minecraft:waystone_activated":2,"minecraft:damage_taken":295,"minecraft:damage_dealt":14913,"minecraft:swim_one_cm":45136,"minecraft:fly_one_cm":652960,"minecraft:open_chest":54,"minecraft:crouch_one_cm":12410,"minecraft:interact_with_smoker":6,"minecraft:fall_one_cm":50310},"minecraft:mined":{"minecraft:spruce_planks":4,"minecraft:farmland":1,"regions_unexplored:redwood_slab":2,"minecraft:acacia_log":32,"minecraft:grass_block":2111,"minecraft:kelp":6,"minecraft:spawner":3,"minecraft:large_fern":3,"minecraft:tall_seagrass":2,"minecraft:carrots":298,"ironchest:gold_chest":2,"minecraft:bookshelf":20,"minecraft:potatoes":433,"regions_unexplored:medium_grass":2,"minecraft:stone":145,"regions_unexplored:redwood_log":333,"minecraft:acacia_leaves":1,"minecraft:smoker":2,"minecraft:oak_fence":1,"minecraft:crafting_table":5,"minecraft:torch":1,"minecraft:glass":4,"minecraft:oak_planks":2,"minecraft:sugar_cane":170,"minecraft:spruce_stairs":1,"minecraft:seagrass":5,"minecraft:dark_oak_slab":26,"minecraft:wheat":339,"minecraft:grass":7,"minecraft:coal_ore":26,"minecraft:sand":6,"minecraft:dirt":692,"minecraft:oak_leaves":4,"minecraft:fern":11},"minecraft:dropped":{"minecraft:iron_sword":1,"minecraft:cooked_beef":1,"spartanweaponry:stone_dagger":5,"minecraft:dark_oak_slab":40,"minecraft:book":2,"regions_unexplored:redwood_sapling":12,"minecraft:spruce_stairs":1,"minecraft:acacia_log":20,"minecraft:gray_wool":1,"minecraft:torch":1,"regions_unexplored:redwood_log":190,"minecraft:iron_leggings":1,"minecraft:string":2,"alexsmobs:acacia_blossom":1,"minecraft:rotten_flesh":4,"minecraft:iron_hoe":1,"minecraft:carrot":64,"minecraft:potato":64,"minecraft:gunpowder":4,"artifacts:helium_flamingo":3,"minecraft:iron_chestplate":1,"minecraft:acacia_sapling":5,"minecraft:wooden_pickaxe":1,"minecraft:stone_pickaxe":1},"minecraft:broken":{"minecraft:iron_shovel":1,"minecraft:stone_axe":1,"minecraft:netherite_shovel":1,"minecraft:iron_hoe":1},"minecraft:killed":{"naturalist:rattlesnake":1,"minecraft:spider":3,"minecraft:skeleton":32,"minecraft:silverfish":7,"minecraft:pig":5,"minecraft:creeper":1,"minecraft:sheep":9,"minecraft:zombie":6,"alexsmobs:gazelle":3,"minecraft:cow":8},"minecraft:crafted":{"regions_unexplored:redwood_slab":126,"minecraft:furnace":1,"minecraft:cooked_mutton":6,"minecraft:iron_hoe":1,"minecraft:stone_pickaxe":1,"minecraft:chest":1,"minecraft:smoker":1,"minecraft:cooked_beef":3,"minecraft:cooked_porkchop":1,"minecraft:diamond_axe":1,"minecraft:crafting_table":1,"minecraft:wooden_pickaxe":1,"minecraft:iron_helmet":1,"minecraft:bucket":1,"minecraft:stone_axe":1,"minecraft:acacia_boat":1,"minecraft:air":0,"regions_unexplored:redwood_planks":256,"minecraft:iron_chestplate":1,"minecraft:diamond_pickaxe":1,"minecraft:stick":16,"minecraft:iron_ingot":1,"minecraft:iron_pickaxe":1,"minecraft:iron_shovel":1,"minecraft:iron_leggings":1,"minecraft:acacia_planks":32}},"DataVersion":3465}