{"stats":{"minecraft:crafted":{"minecraft:acacia_planks":32,"minecraft:crafting_table":1,"minecraft:stick":16,"minecraft:wooden_pickaxe":1,"minecraft:stone_pickaxe":1},"minecraft:mined":{"minecraft:acacia_log":8,"minecraft:coal_ore":18,"minecraft:acacia_leaves":1,"minecraft:stone":19},"minecraft:dropped":{"minecraft:wooden_pickaxe":1},"minecraft:picked_up":{"minecraft:acacia_log":8,"minecraft:coal":18,"minecraft:cobblestone":19},"minecraft:used":{"minecraft:crafting_table":1,"minecraft:stone_pickaxe":34,"minecraft:wooden_pickaxe":3},"minecraft:custom":{"minecraft:time_since_rest":3718,"minecraft:sprint_one_cm":1126,"minecraft:play_time":3718,"minecraft:walk_one_cm":3098,"minecraft:drop":1,"minecraft:jump":17,"minecraft:damage_dealt":10,"minecraft:leave_game":1,"minecraft:time_since_death":3718,"minecraft:total_world_time":3718,"minecraft:interact_with_crafting_table":2,"minecraft:fall_one_cm":952,"minecraft:fly_one_cm":2383}},"DataVersion":3465}